Year,Month,Actual Temperature,City,Country,Latitude,Longitude
1846,5,15.665,13_SanDiego,USA,32.95 N,117.77 W
1846,6,,13_SanDiego,USA,32.95 N,117.77 W
1846,7,,13_SanDiego,USA,32.95 N,117.77 W
1846,8,,13_SanDiego,USA,32.95 N,117.77 W
1846,9,,13_SanDiego,USA,32.95 N,117.77 W
1846,10,,13_SanDiego,USA,32.95 N,117.77 W
1846,11,,13_SanDiego,USA,32.95 N,117.77 W
1846,12,,13_SanDiego,USA,32.95 N,117.77 W
1847,1,,13_SanDiego,USA,32.95 N,117.77 W
1847,2,,13_SanDiego,USA,32.95 N,117.77 W
1847,3,,13_SanDiego,USA,32.95 N,117.77 W
1847,4,,13_SanDiego,USA,32.95 N,117.77 W
1847,5,,13_SanDiego,USA,32.95 N,117.77 W
1847,6,,13_SanDiego,USA,32.95 N,117.77 W
1847,7,,13_SanDiego,USA,32.95 N,117.77 W
1847,8,,13_SanDiego,USA,32.95 N,117.77 W
1847,9,,13_SanDiego,USA,32.95 N,117.77 W
1847,10,,13_SanDiego,USA,32.95 N,117.77 W
1847,11,,13_SanDiego,USA,32.95 N,117.77 W
1847,12,,13_SanDiego,USA,32.95 N,117.77 W
1848,1,,13_SanDiego,USA,32.95 N,117.77 W
1848,2,,13_SanDiego,USA,32.95 N,117.77 W
1848,3,,13_SanDiego,USA,32.95 N,117.77 W
1848,4,,13_SanDiego,USA,32.95 N,117.77 W
1848,5,,13_SanDiego,USA,32.95 N,117.77 W
1848,6,,13_SanDiego,USA,32.95 N,117.77 W
1848,7,,13_SanDiego,USA,32.95 N,117.77 W
1848,8,,13_SanDiego,USA,32.95 N,117.77 W
1848,9,,13_SanDiego,USA,32.95 N,117.77 W
1848,10,,13_SanDiego,USA,32.95 N,117.77 W
1848,11,,13_SanDiego,USA,32.95 N,117.77 W
1848,12,,13_SanDiego,USA,32.95 N,117.77 W
1849,1,12.877,13_SanDiego,USA,32.95 N,117.77 W
1849,2,12.521,13_SanDiego,USA,32.95 N,117.77 W
1849,3,13.456,13_SanDiego,USA,32.95 N,117.77 W
1849,4,14.535,13_SanDiego,USA,32.95 N,117.77 W
1849,5,13.735,13_SanDiego,USA,32.95 N,117.77 W
1849,6,,13_SanDiego,USA,32.95 N,117.77 W
1849,7,20.849,13_SanDiego,USA,32.95 N,117.77 W
1849,8,21.315,13_SanDiego,USA,32.95 N,117.77 W
1849,9,19.181,13_SanDiego,USA,32.95 N,117.77 W
1849,10,17.071,13_SanDiego,USA,32.95 N,117.77 W
1849,11,14.14,13_SanDiego,USA,32.95 N,117.77 W
1849,12,11.616,13_SanDiego,USA,32.95 N,117.77 W
1850,1,11.408,13_SanDiego,USA,32.95 N,117.77 W
1850,2,11.573,13_SanDiego,USA,32.95 N,117.77 W
1850,3,12.3,13_SanDiego,USA,32.95 N,117.77 W
1850,4,14.075,13_SanDiego,USA,32.95 N,117.77 W
1850,5,15.049,13_SanDiego,USA,32.95 N,117.77 W
1850,6,16.262,13_SanDiego,USA,32.95 N,117.77 W
1850,7,17.863,13_SanDiego,USA,32.95 N,117.77 W
1850,8,21.109,13_SanDiego,USA,32.95 N,117.77 W
1850,9,20.09,13_SanDiego,USA,32.95 N,117.77 W
1850,10,18.206,13_SanDiego,USA,32.95 N,117.77 W
1850,11,14.257,13_SanDiego,USA,32.95 N,117.77 W
1850,12,10.543,13_SanDiego,USA,32.95 N,117.77 W
1851,1,11.592,13_SanDiego,USA,32.95 N,117.77 W
1851,2,10.79,13_SanDiego,USA,32.95 N,117.77 W
1851,3,12.669,13_SanDiego,USA,32.95 N,117.77 W
1851,4,14.941,13_SanDiego,USA,32.95 N,117.77 W
1851,5,15.536,13_SanDiego,USA,32.95 N,117.77 W
1851,6,18.044,13_SanDiego,USA,32.95 N,117.77 W
1851,7,18.779,13_SanDiego,USA,32.95 N,117.77 W
1851,8,20.605,13_SanDiego,USA,32.95 N,117.77 W
1851,9,19.695,13_SanDiego,USA,32.95 N,117.77 W
1851,10,18.015,13_SanDiego,USA,32.95 N,117.77 W
1851,11,14.508,13_SanDiego,USA,32.95 N,117.77 W
1851,12,12.729,13_SanDiego,USA,32.95 N,117.77 W
1852,1,11.897,13_SanDiego,USA,32.95 N,117.77 W
1852,2,13.191,13_SanDiego,USA,32.95 N,117.77 W
1852,3,12.086,13_SanDiego,USA,32.95 N,117.77 W
1852,4,13.037,13_SanDiego,USA,32.95 N,117.77 W
1852,5,14.941,13_SanDiego,USA,32.95 N,117.77 W
1852,6,17.594,13_SanDiego,USA,32.95 N,117.77 W
1852,7,20.007,13_SanDiego,USA,32.95 N,117.77 W
1852,8,19.472,13_SanDiego,USA,32.95 N,117.77 W
1852,9,20.581,13_SanDiego,USA,32.95 N,117.77 W
1852,10,16.933,13_SanDiego,USA,32.95 N,117.77 W
1852,11,14.585,13_SanDiego,USA,32.95 N,117.77 W
1852,12,14.438,13_SanDiego,USA,32.95 N,117.77 W
1853,1,12.351,13_SanDiego,USA,32.95 N,117.77 W
1853,2,11.674,13_SanDiego,USA,32.95 N,117.77 W
1853,3,13.756,13_SanDiego,USA,32.95 N,117.77 W
1853,4,15.652,13_SanDiego,USA,32.95 N,117.77 W
1853,5,16.145,13_SanDiego,USA,32.95 N,117.77 W
1853,6,18.417,13_SanDiego,USA,32.95 N,117.77 W
1853,7,20.307,13_SanDiego,USA,32.95 N,117.77 W
1853,8,19.67,13_SanDiego,USA,32.95 N,117.77 W
1853,9,19.864,13_SanDiego,USA,32.95 N,117.77 W
1853,10,18.915,13_SanDiego,USA,32.95 N,117.77 W
1853,11,16.251,13_SanDiego,USA,32.95 N,117.77 W
1853,12,14.155,13_SanDiego,USA,32.95 N,117.77 W
1854,1,12.349,13_SanDiego,USA,32.95 N,117.77 W
1854,2,12.474,13_SanDiego,USA,32.95 N,117.77 W
1854,3,13.386,13_SanDiego,USA,32.95 N,117.77 W
1854,4,16.022,13_SanDiego,USA,32.95 N,117.77 W
1854,5,14.419,13_SanDiego,USA,32.95 N,117.77 W
1854,6,16.205,13_SanDiego,USA,32.95 N,117.77 W
1854,7,20.71,13_SanDiego,USA,32.95 N,117.77 W
1854,8,19.443,13_SanDiego,USA,32.95 N,117.77 W
1854,9,17.748,13_SanDiego,USA,32.95 N,117.77 W
1854,10,17.485,13_SanDiego,USA,32.95 N,117.77 W
1854,11,15.609,13_SanDiego,USA,32.95 N,117.77 W
1854,12,13.977,13_SanDiego,USA,32.95 N,117.77 W
1855,1,11.985,13_SanDiego,USA,32.95 N,117.77 W
1855,2,13.659,13_SanDiego,USA,32.95 N,117.77 W
1855,3,14.291,13_SanDiego,USA,32.95 N,117.77 W
1855,4,15.384,13_SanDiego,USA,32.95 N,117.77 W
1855,5,15.896,13_SanDiego,USA,32.95 N,117.77 W
1855,6,18.35,13_SanDiego,USA,32.95 N,117.77 W
1855,7,18.98,13_SanDiego,USA,32.95 N,117.77 W
1855,8,19.793,13_SanDiego,USA,32.95 N,117.77 W
1855,9,18.623,13_SanDiego,USA,32.95 N,117.77 W
1855,10,18.431,13_SanDiego,USA,32.95 N,117.77 W
1855,11,14.291,13_SanDiego,USA,32.95 N,117.77 W
1855,12,12.341,13_SanDiego,USA,32.95 N,117.77 W
1856,1,11.75,13_SanDiego,USA,32.95 N,117.77 W
1856,2,12.331,13_SanDiego,USA,32.95 N,117.77 W
1856,3,13.704,13_SanDiego,USA,32.95 N,117.77 W
1856,4,14.715,13_SanDiego,USA,32.95 N,117.77 W
1856,5,15.09,13_SanDiego,USA,32.95 N,117.77 W
1856,6,18.681,13_SanDiego,USA,32.95 N,117.77 W
1856,7,20.04,13_SanDiego,USA,32.95 N,117.77 W
1856,8,19.959,13_SanDiego,USA,32.95 N,117.77 W
1856,9,18.761,13_SanDiego,USA,32.95 N,117.77 W
1856,10,15.614,13_SanDiego,USA,32.95 N,117.77 W
1856,11,14.252,13_SanDiego,USA,32.95 N,117.77 W
1856,12,10.985,13_SanDiego,USA,32.95 N,117.77 W
1857,1,12.747,13_SanDiego,USA,32.95 N,117.77 W
1857,2,12.246,13_SanDiego,USA,32.95 N,117.77 W
1857,3,14.819,13_SanDiego,USA,32.95 N,117.77 W
1857,4,15.929,13_SanDiego,USA,32.95 N,117.77 W
1857,5,16.209,13_SanDiego,USA,32.95 N,117.77 W
1857,6,18.421,13_SanDiego,USA,32.95 N,117.77 W
1857,7,17.795,13_SanDiego,USA,32.95 N,117.77 W
1857,8,19.971,13_SanDiego,USA,32.95 N,117.77 W
1857,9,18.564,13_SanDiego,USA,32.95 N,117.77 W
1857,10,17.236,13_SanDiego,USA,32.95 N,117.77 W
1857,11,15.204,13_SanDiego,USA,32.95 N,117.77 W
1857,12,14.315,13_SanDiego,USA,32.95 N,117.77 W
1858,1,12.945,13_SanDiego,USA,32.95 N,117.77 W
1858,2,13.333,13_SanDiego,USA,32.95 N,117.77 W
1858,3,12.603,13_SanDiego,USA,32.95 N,117.77 W
1858,4,13.955,13_SanDiego,USA,32.95 N,117.77 W
1858,5,16.174,13_SanDiego,USA,32.95 N,117.77 W
1858,6,17.464,13_SanDiego,USA,32.95 N,117.77 W
1858,7,18.615,13_SanDiego,USA,32.95 N,117.77 W
1858,8,18.525,13_SanDiego,USA,32.95 N,117.77 W
1858,9,19.688,13_SanDiego,USA,32.95 N,117.77 W
1858,10,17.212,13_SanDiego,USA,32.95 N,117.77 W
1858,11,15.29,13_SanDiego,USA,32.95 N,117.77 W
1858,12,11.917,13_SanDiego,USA,32.95 N,117.77 W
1859,1,12.305,13_SanDiego,USA,32.95 N,117.77 W
1859,2,12.382,13_SanDiego,USA,32.95 N,117.77 W
1859,3,11.671,13_SanDiego,USA,32.95 N,117.77 W
1859,4,12.327,13_SanDiego,USA,32.95 N,117.77 W
1859,5,15.066,13_SanDiego,USA,32.95 N,117.77 W
1859,6,18.236,13_SanDiego,USA,32.95 N,117.77 W
1859,7,18.229,13_SanDiego,USA,32.95 N,117.77 W
1859,8,18.148,13_SanDiego,USA,32.95 N,117.77 W
1859,9,18.09,13_SanDiego,USA,32.95 N,117.77 W
1859,10,18.083,13_SanDiego,USA,32.95 N,117.77 W
1859,11,15.945,13_SanDiego,USA,32.95 N,117.77 W
1859,12,12.91,13_SanDiego,USA,32.95 N,117.77 W
1860,1,11.644,13_SanDiego,USA,32.95 N,117.77 W
1860,2,11.866,13_SanDiego,USA,32.95 N,117.77 W
1860,3,13.805,13_SanDiego,USA,32.95 N,117.77 W
1860,4,14.559,13_SanDiego,USA,32.95 N,117.77 W
1860,5,14.927,13_SanDiego,USA,32.95 N,117.77 W
1860,6,16.203,13_SanDiego,USA,32.95 N,117.77 W
1860,7,18.337,13_SanDiego,USA,32.95 N,117.77 W
1860,8,19.589,13_SanDiego,USA,32.95 N,117.77 W
1860,9,19.373,13_SanDiego,USA,32.95 N,117.77 W
1860,10,17.334,13_SanDiego,USA,32.95 N,117.77 W
1860,11,14.731,13_SanDiego,USA,32.95 N,117.77 W
1860,12,13.869,13_SanDiego,USA,32.95 N,117.77 W
1861,1,11.667,13_SanDiego,USA,32.95 N,117.77 W
1861,2,13.248,13_SanDiego,USA,32.95 N,117.77 W
1861,3,13.583,13_SanDiego,USA,32.95 N,117.77 W
1861,4,16.296,13_SanDiego,USA,32.95 N,117.77 W
1861,5,16.847,13_SanDiego,USA,32.95 N,117.77 W
1861,6,17.88,13_SanDiego,USA,32.95 N,117.77 W
1861,7,20.077,13_SanDiego,USA,32.95 N,117.77 W
1861,8,19.724,13_SanDiego,USA,32.95 N,117.77 W
1861,9,19.281,13_SanDiego,USA,32.95 N,117.77 W
1861,10,17.622,13_SanDiego,USA,32.95 N,117.77 W
1861,11,15.835,13_SanDiego,USA,32.95 N,117.77 W
1861,12,15.546,13_SanDiego,USA,32.95 N,117.77 W
1862,1,13.367,13_SanDiego,USA,32.95 N,117.77 W
1862,2,10.886,13_SanDiego,USA,32.95 N,117.77 W
1862,3,12.92,13_SanDiego,USA,32.95 N,117.77 W
1862,4,13.69,13_SanDiego,USA,32.95 N,117.77 W
1862,5,15.538,13_SanDiego,USA,32.95 N,117.77 W
1862,6,17.971,13_SanDiego,USA,32.95 N,117.77 W
1862,7,19.526,13_SanDiego,USA,32.95 N,117.77 W
1862,8,20.296,13_SanDiego,USA,32.95 N,117.77 W
1862,9,19.928,13_SanDiego,USA,32.95 N,117.77 W
1862,10,18.749,13_SanDiego,USA,32.95 N,117.77 W
1862,11,16.023,13_SanDiego,USA,32.95 N,117.77 W
1862,12,13.516,13_SanDiego,USA,32.95 N,117.77 W
1863,1,12.31,13_SanDiego,USA,32.95 N,117.77 W
1863,2,11.51,13_SanDiego,USA,32.95 N,117.77 W
1863,3,14.547,13_SanDiego,USA,32.95 N,117.77 W
1863,4,14.882,13_SanDiego,USA,32.95 N,117.77 W
1863,5,15.944,13_SanDiego,USA,32.95 N,117.77 W
1863,6,16.547,13_SanDiego,USA,32.95 N,117.77 W
1863,7,18.02,13_SanDiego,USA,32.95 N,117.77 W
1863,8,18.373,13_SanDiego,USA,32.95 N,117.77 W
1863,9,19.448,13_SanDiego,USA,32.95 N,117.77 W
1863,10,18.177,13_SanDiego,USA,32.95 N,117.77 W
1863,11,14.965,13_SanDiego,USA,32.95 N,117.77 W
1863,12,13.444,13_SanDiego,USA,32.95 N,117.77 W
1864,1,13.654,13_SanDiego,USA,32.95 N,117.77 W
1864,2,13.352,13_SanDiego,USA,32.95 N,117.77 W
1864,3,13.775,13_SanDiego,USA,32.95 N,117.77 W
1864,4,15.557,13_SanDiego,USA,32.95 N,117.77 W
1864,5,17.087,13_SanDiego,USA,32.95 N,117.77 W
1864,6,18.085,13_SanDiego,USA,32.95 N,117.77 W
1864,7,18.54,13_SanDiego,USA,32.95 N,117.77 W
1864,8,21.061,13_SanDiego,USA,32.95 N,117.77 W
1864,9,19.541,13_SanDiego,USA,32.95 N,117.77 W
1864,10,17.77,13_SanDiego,USA,32.95 N,117.77 W
1864,11,15.331,13_SanDiego,USA,32.95 N,117.77 W
1864,12,14.135,13_SanDiego,USA,32.95 N,117.77 W
1865,1,13.414,13_SanDiego,USA,32.95 N,117.77 W
1865,2,11.847,13_SanDiego,USA,32.95 N,117.77 W
1865,3,12.875,13_SanDiego,USA,32.95 N,117.77 W
1865,4,13.824,13_SanDiego,USA,32.95 N,117.77 W
1865,5,17.5,13_SanDiego,USA,32.95 N,117.77 W
1865,6,17.346,13_SanDiego,USA,32.95 N,117.77 W
1865,7,17.732,13_SanDiego,USA,32.95 N,117.77 W
1865,8,19.761,13_SanDiego,USA,32.95 N,117.77 W
1865,9,19.247,13_SanDiego,USA,32.95 N,117.77 W
1865,10,17.726,13_SanDiego,USA,32.95 N,117.77 W
1865,11,16.49,13_SanDiego,USA,32.95 N,117.77 W
1865,12,11.579,13_SanDiego,USA,32.95 N,117.77 W
1866,1,12.529,13_SanDiego,USA,32.95 N,117.77 W
1866,2,13.463,13_SanDiego,USA,32.95 N,117.77 W
1866,3,13.365,13_SanDiego,USA,32.95 N,117.77 W
1866,4,15.396,13_SanDiego,USA,32.95 N,117.77 W
1866,5,14.75,13_SanDiego,USA,32.95 N,117.77 W
1866,6,17.2,13_SanDiego,USA,32.95 N,117.77 W
1866,7,18.447,13_SanDiego,USA,32.95 N,117.77 W
1866,8,20.064,13_SanDiego,USA,32.95 N,117.77 W
1866,9,19.545,13_SanDiego,USA,32.95 N,117.77 W
1866,10,17.694,13_SanDiego,USA,32.95 N,117.77 W
1866,11,16.154,13_SanDiego,USA,32.95 N,117.77 W
1866,12,15.44,13_SanDiego,USA,32.95 N,117.77 W
1867,1,13.288,13_SanDiego,USA,32.95 N,117.77 W
1867,2,11.519,13_SanDiego,USA,32.95 N,117.77 W
1867,3,12.003,13_SanDiego,USA,32.95 N,117.77 W
1867,4,15.356,13_SanDiego,USA,32.95 N,117.77 W
1867,5,16.495,13_SanDiego,USA,32.95 N,117.77 W
1867,6,18.448,13_SanDiego,USA,32.95 N,117.77 W
1867,7,19.279,13_SanDiego,USA,32.95 N,117.77 W
1867,8,21.12,13_SanDiego,USA,32.95 N,117.77 W
1867,9,20.75,13_SanDiego,USA,32.95 N,117.77 W
1867,10,17.791,13_SanDiego,USA,32.95 N,117.77 W
1867,11,17.379,13_SanDiego,USA,32.95 N,117.77 W
1867,12,17.352,13_SanDiego,USA,32.95 N,117.77 W
1868,1,12.319,13_SanDiego,USA,32.95 N,117.77 W
1868,2,13.063,13_SanDiego,USA,32.95 N,117.77 W
1868,3,13.39,13_SanDiego,USA,32.95 N,117.77 W
1868,4,15.034,13_SanDiego,USA,32.95 N,117.77 W
1868,5,15.315,13_SanDiego,USA,32.95 N,117.77 W
1868,6,16.37,13_SanDiego,USA,32.95 N,117.77 W
1868,7,18.224,13_SanDiego,USA,32.95 N,117.77 W
1868,8,20.105,13_SanDiego,USA,32.95 N,117.77 W
1868,9,19.948,13_SanDiego,USA,32.95 N,117.77 W
1868,10,18.457,13_SanDiego,USA,32.95 N,117.77 W
1868,11,16.668,13_SanDiego,USA,32.95 N,117.77 W
1868,12,13.78,13_SanDiego,USA,32.95 N,117.77 W
1869,1,13.445,13_SanDiego,USA,32.95 N,117.77 W
1869,2,12.618,13_SanDiego,USA,32.95 N,117.77 W
1869,3,14.24,13_SanDiego,USA,32.95 N,117.77 W
1869,4,14.948,13_SanDiego,USA,32.95 N,117.77 W
1869,5,15.701,13_SanDiego,USA,32.95 N,117.77 W
1869,6,17.34,13_SanDiego,USA,32.95 N,117.77 W
1869,7,18.728,13_SanDiego,USA,32.95 N,117.77 W
1869,8,19.21,13_SanDiego,USA,32.95 N,117.77 W
1869,9,19.489,13_SanDiego,USA,32.95 N,117.77 W
1869,10,18.482,13_SanDiego,USA,32.95 N,117.77 W
1869,11,16.427,13_SanDiego,USA,32.95 N,117.77 W
1869,12,11.458,13_SanDiego,USA,32.95 N,117.77 W
1870,1,13.339,13_SanDiego,USA,32.95 N,117.77 W
1870,2,13.49,13_SanDiego,USA,32.95 N,117.77 W
1870,3,12.531,13_SanDiego,USA,32.95 N,117.77 W
1870,4,13.953,13_SanDiego,USA,32.95 N,117.77 W
1870,5,15.363,13_SanDiego,USA,32.95 N,117.77 W
1870,6,16.443,13_SanDiego,USA,32.95 N,117.77 W
1870,7,18.342,13_SanDiego,USA,32.95 N,117.77 W
1870,8,19.383,13_SanDiego,USA,32.95 N,117.77 W
1870,9,18.244,13_SanDiego,USA,32.95 N,117.77 W
1870,10,16.974,13_SanDiego,USA,32.95 N,117.77 W
1870,11,15.383,13_SanDiego,USA,32.95 N,117.77 W
1870,12,11.631,13_SanDiego,USA,32.95 N,117.77 W
1871,1,12.457,13_SanDiego,USA,32.95 N,117.77 W
1871,2,11.616,13_SanDiego,USA,32.95 N,117.77 W
1871,3,13.166,13_SanDiego,USA,32.95 N,117.77 W
1871,4,13.361,13_SanDiego,USA,32.95 N,117.77 W
1871,5,16.17,13_SanDiego,USA,32.95 N,117.77 W
1871,6,17.37,13_SanDiego,USA,32.95 N,117.77 W
1871,7,19.576,13_SanDiego,USA,32.95 N,117.77 W
1871,8,20.715,13_SanDiego,USA,32.95 N,117.77 W
1871,9,19.681,13_SanDiego,USA,32.95 N,117.77 W
1871,10,18.345,13_SanDiego,USA,32.95 N,117.77 W
1871,11,15.014,13_SanDiego,USA,32.95 N,117.77 W
1871,12,15.321,13_SanDiego,USA,32.95 N,117.77 W
1872,1,13.146,13_SanDiego,USA,32.95 N,117.77 W
1872,2,13.984,13_SanDiego,USA,32.95 N,117.77 W
1872,3,13.737,13_SanDiego,USA,32.95 N,117.77 W
1872,4,12.914,13_SanDiego,USA,32.95 N,117.77 W
1872,5,15.494,13_SanDiego,USA,32.95 N,117.77 W
1872,6,17.017,13_SanDiego,USA,32.95 N,117.77 W
1872,7,17.686,13_SanDiego,USA,32.95 N,117.77 W
1872,8,18.999,13_SanDiego,USA,32.95 N,117.77 W
1872,9,18.809,13_SanDiego,USA,32.95 N,117.77 W
1872,10,17.386,13_SanDiego,USA,32.95 N,117.77 W
1872,11,15.538,13_SanDiego,USA,32.95 N,117.77 W
1872,12,14.684,13_SanDiego,USA,32.95 N,117.77 W
1873,1,14.705,13_SanDiego,USA,32.95 N,117.77 W
1873,2,12.103,13_SanDiego,USA,32.95 N,117.77 W
1873,3,14.208,13_SanDiego,USA,32.95 N,117.77 W
1873,4,13.993,13_SanDiego,USA,32.95 N,117.77 W
1873,5,14.795,13_SanDiego,USA,32.95 N,117.77 W
1873,6,16.085,13_SanDiego,USA,32.95 N,117.77 W
1873,7,18.121,13_SanDiego,USA,32.95 N,117.77 W
1873,8,19.158,13_SanDiego,USA,32.95 N,117.77 W
1873,9,19.244,13_SanDiego,USA,32.95 N,117.77 W
1873,10,17.013,13_SanDiego,USA,32.95 N,117.77 W
1873,11,16.618,13_SanDiego,USA,32.95 N,117.77 W
1873,12,13.413,13_SanDiego,USA,32.95 N,117.77 W
1874,1,13.549,13_SanDiego,USA,32.95 N,117.77 W
1874,2,11.947,13_SanDiego,USA,32.95 N,117.77 W
1874,3,11.826,13_SanDiego,USA,32.95 N,117.77 W
1874,4,13.039,13_SanDiego,USA,32.95 N,117.77 W
1874,5,15.398,13_SanDiego,USA,32.95 N,117.77 W
1874,6,16.602,13_SanDiego,USA,32.95 N,117.77 W
1874,7,18.451,13_SanDiego,USA,32.95 N,117.77 W
1874,8,19.077,13_SanDiego,USA,32.95 N,117.77 W
1874,9,19.073,13_SanDiego,USA,32.95 N,117.77 W
1874,10,17.664,13_SanDiego,USA,32.95 N,117.77 W
1874,11,15.321,13_SanDiego,USA,32.95 N,117.77 W
1874,12,13.452,13_SanDiego,USA,32.95 N,117.77 W
1875,1,12.926,13_SanDiego,USA,32.95 N,117.77 W
1875,2,13.248,13_SanDiego,USA,32.95 N,117.77 W
1875,3,12.574,13_SanDiego,USA,32.95 N,117.77 W
1875,4,14.42,13_SanDiego,USA,32.95 N,117.77 W
1875,5,16.73,13_SanDiego,USA,32.95 N,117.77 W
1875,6,17.195,13_SanDiego,USA,32.95 N,117.77 W
1875,7,18.811,13_SanDiego,USA,32.95 N,117.77 W
1875,8,20.303,13_SanDiego,USA,32.95 N,117.77 W
1875,9,19.663,13_SanDiego,USA,32.95 N,117.77 W
1875,10,19.88,13_SanDiego,USA,32.95 N,117.77 W
1875,11,16.619,13_SanDiego,USA,32.95 N,117.77 W
1875,12,15.178,13_SanDiego,USA,32.95 N,117.77 W
1876,1,12.152,13_SanDiego,USA,32.95 N,117.77 W
1876,2,13.53,13_SanDiego,USA,32.95 N,117.77 W
1876,3,12.636,13_SanDiego,USA,32.95 N,117.77 W
1876,4,14.807,13_SanDiego,USA,32.95 N,117.77 W
1876,5,15.4,13_SanDiego,USA,32.95 N,117.77 W
1876,6,17.692,13_SanDiego,USA,32.95 N,117.77 W
1876,7,18.575,13_SanDiego,USA,32.95 N,117.77 W
1876,8,18.966,13_SanDiego,USA,32.95 N,117.77 W
1876,9,18.809,13_SanDiego,USA,32.95 N,117.77 W
1876,10,18.131,13_SanDiego,USA,32.95 N,117.77 W
1876,11,16.285,13_SanDiego,USA,32.95 N,117.77 W
1876,12,14.955,13_SanDiego,USA,32.95 N,117.77 W
1877,1,14.704,13_SanDiego,USA,32.95 N,117.77 W
1877,2,15.013,13_SanDiego,USA,32.95 N,117.77 W
1877,3,15.828,13_SanDiego,USA,32.95 N,117.77 W
1877,4,13.721,13_SanDiego,USA,32.95 N,117.77 W
1877,5,14.617,13_SanDiego,USA,32.95 N,117.77 W
1877,6,17.531,13_SanDiego,USA,32.95 N,117.77 W
1877,7,19.38,13_SanDiego,USA,32.95 N,117.77 W
1877,8,19.332,13_SanDiego,USA,32.95 N,117.77 W
1877,9,19.666,13_SanDiego,USA,32.95 N,117.77 W
1877,10,17.261,13_SanDiego,USA,32.95 N,117.77 W
1877,11,16.801,13_SanDiego,USA,32.95 N,117.77 W
1877,12,14.538,13_SanDiego,USA,32.95 N,117.77 W
1878,1,13.753,13_SanDiego,USA,32.95 N,117.77 W
1878,2,13.474,13_SanDiego,USA,32.95 N,117.77 W
1878,3,13.847,13_SanDiego,USA,32.95 N,117.77 W
1878,4,13.99,13_SanDiego,USA,32.95 N,117.77 W
1878,5,15.619,13_SanDiego,USA,32.95 N,117.77 W
1878,6,16.762,13_SanDiego,USA,32.95 N,117.77 W
1878,7,18.183,13_SanDiego,USA,32.95 N,117.77 W
1878,8,19.183,13_SanDiego,USA,32.95 N,117.77 W
1878,9,19.267,13_SanDiego,USA,32.95 N,117.77 W
1878,10,17.611,13_SanDiego,USA,32.95 N,117.77 W
1878,11,15.784,13_SanDiego,USA,32.95 N,117.77 W
1878,12,13.625,13_SanDiego,USA,32.95 N,117.77 W
1879,1,12.529,13_SanDiego,USA,32.95 N,117.77 W
1879,2,14.132,13_SanDiego,USA,32.95 N,117.77 W
1879,3,15.398,13_SanDiego,USA,32.95 N,117.77 W
1879,4,14.927,13_SanDiego,USA,32.95 N,117.77 W
1879,5,15.324,13_SanDiego,USA,32.95 N,117.77 W
1879,6,17.263,13_SanDiego,USA,32.95 N,117.77 W
1879,7,17.805,13_SanDiego,USA,32.95 N,117.77 W
1879,8,19.644,13_SanDiego,USA,32.95 N,117.77 W
1879,9,19.963,13_SanDiego,USA,32.95 N,117.77 W
1879,10,17.918,13_SanDiego,USA,32.95 N,117.77 W
1879,11,14.728,13_SanDiego,USA,32.95 N,117.77 W
1879,12,13.185,13_SanDiego,USA,32.95 N,117.77 W
1880,1,12.759,13_SanDiego,USA,32.95 N,117.77 W
1880,2,10.813,13_SanDiego,USA,32.95 N,117.77 W
1880,3,11.265,13_SanDiego,USA,32.95 N,117.77 W
1880,4,13.205,13_SanDiego,USA,32.95 N,117.77 W
1880,5,15.839,13_SanDiego,USA,32.95 N,117.77 W
1880,6,16.318,13_SanDiego,USA,32.95 N,117.77 W
1880,7,16.551,13_SanDiego,USA,32.95 N,117.77 W
1880,8,18.328,13_SanDiego,USA,32.95 N,117.77 W
1880,9,18.063,13_SanDiego,USA,32.95 N,117.77 W
1880,10,16.965,13_SanDiego,USA,32.95 N,117.77 W
1880,11,14.148,13_SanDiego,USA,32.95 N,117.77 W
1880,12,14.367,13_SanDiego,USA,32.95 N,117.77 W
1881,1,12.45,13_SanDiego,USA,32.95 N,117.77 W
1881,2,14.442,13_SanDiego,USA,32.95 N,117.77 W
1881,3,13.346,13_SanDiego,USA,32.95 N,117.77 W
1881,4,15.884,13_SanDiego,USA,32.95 N,117.77 W
1881,5,16.142,13_SanDiego,USA,32.95 N,117.77 W
1881,6,16.932,13_SanDiego,USA,32.95 N,117.77 W
1881,7,18.722,13_SanDiego,USA,32.95 N,117.77 W
1881,8,19.151,13_SanDiego,USA,32.95 N,117.77 W
1881,9,19.113,13_SanDiego,USA,32.95 N,117.77 W
1881,10,16.112,13_SanDiego,USA,32.95 N,117.77 W
1881,11,14.361,13_SanDiego,USA,32.95 N,117.77 W
1881,12,13.908,13_SanDiego,USA,32.95 N,117.77 W
1882,1,10.971,13_SanDiego,USA,32.95 N,117.77 W
1882,2,10.979,13_SanDiego,USA,32.95 N,117.77 W
1882,3,12.893,13_SanDiego,USA,32.95 N,117.77 W
1882,4,13.177,13_SanDiego,USA,32.95 N,117.77 W
1882,5,15.75,13_SanDiego,USA,32.95 N,117.77 W
1882,6,16.572,13_SanDiego,USA,32.95 N,117.77 W
1882,7,18.757,13_SanDiego,USA,32.95 N,117.77 W
1882,8,20.294,13_SanDiego,USA,32.95 N,117.77 W
1882,9,19.003,13_SanDiego,USA,32.95 N,117.77 W
1882,10,16.745,13_SanDiego,USA,32.95 N,117.77 W
1882,11,14.718,13_SanDiego,USA,32.95 N,117.77 W
1882,12,14.427,13_SanDiego,USA,32.95 N,117.77 W
1883,1,12.221,13_SanDiego,USA,32.95 N,117.77 W
1883,2,11.875,13_SanDiego,USA,32.95 N,117.77 W
1883,3,14.439,13_SanDiego,USA,32.95 N,117.77 W
1883,4,13.376,13_SanDiego,USA,32.95 N,117.77 W
1883,5,15.292,13_SanDiego,USA,32.95 N,117.77 W
1883,6,18.741,13_SanDiego,USA,32.95 N,117.77 W
1883,7,19.459,13_SanDiego,USA,32.95 N,117.77 W
1883,8,19.869,13_SanDiego,USA,32.95 N,117.77 W
1883,9,21.135,13_SanDiego,USA,32.95 N,117.77 W
1883,10,16.362,13_SanDiego,USA,32.95 N,117.77 W
1883,11,15.663,13_SanDiego,USA,32.95 N,117.77 W
1883,12,14.475,13_SanDiego,USA,32.95 N,117.77 W
1884,1,13.042,13_SanDiego,USA,32.95 N,117.77 W
1884,2,13.209,13_SanDiego,USA,32.95 N,117.77 W
1884,3,13.039,13_SanDiego,USA,32.95 N,117.77 W
1884,4,13.666,13_SanDiego,USA,32.95 N,117.77 W
1884,5,15.531,13_SanDiego,USA,32.95 N,117.77 W
1884,6,16.816,13_SanDiego,USA,32.95 N,117.77 W
1884,7,19.311,13_SanDiego,USA,32.95 N,117.77 W
1884,8,20.155,13_SanDiego,USA,32.95 N,117.77 W
1884,9,18.139,13_SanDiego,USA,32.95 N,117.77 W
1884,10,16.859,13_SanDiego,USA,32.95 N,117.77 W
1884,11,16.172,13_SanDiego,USA,32.95 N,117.77 W
1884,12,12.89,13_SanDiego,USA,32.95 N,117.77 W
1885,1,12.943,13_SanDiego,USA,32.95 N,117.77 W
1885,2,13.725,13_SanDiego,USA,32.95 N,117.77 W
1885,3,15.634,13_SanDiego,USA,32.95 N,117.77 W
1885,4,15.954,13_SanDiego,USA,32.95 N,117.77 W
1885,5,16.662,13_SanDiego,USA,32.95 N,117.77 W
1885,6,16.519,13_SanDiego,USA,32.95 N,117.77 W
1885,7,19.003,13_SanDiego,USA,32.95 N,117.77 W
1885,8,21.168,13_SanDiego,USA,32.95 N,117.77 W
1885,9,19.999,13_SanDiego,USA,32.95 N,117.77 W
1885,10,18.338,13_SanDiego,USA,32.95 N,117.77 W
1885,11,16.139,13_SanDiego,USA,32.95 N,117.77 W
1885,12,15.292,13_SanDiego,USA,32.95 N,117.77 W
1886,1,13.641,13_SanDiego,USA,32.95 N,117.77 W
1886,2,15.485,13_SanDiego,USA,32.95 N,117.77 W
1886,3,12.654,13_SanDiego,USA,32.95 N,117.77 W
1886,4,13.715,13_SanDiego,USA,32.95 N,117.77 W
1886,5,16.187,13_SanDiego,USA,32.95 N,117.77 W
1886,6,17.232,13_SanDiego,USA,32.95 N,117.77 W
1886,7,18.829,13_SanDiego,USA,32.95 N,117.77 W
1886,8,20.592,13_SanDiego,USA,32.95 N,117.77 W
1886,9,18.8,13_SanDiego,USA,32.95 N,117.77 W
1886,10,15.586,13_SanDiego,USA,32.95 N,117.77 W
1886,11,14.64,13_SanDiego,USA,32.95 N,117.77 W
1886,12,15.06,13_SanDiego,USA,32.95 N,117.77 W
1887,1,13.576,13_SanDiego,USA,32.95 N,117.77 W
1887,2,11.531,13_SanDiego,USA,32.95 N,117.77 W
1887,3,15.011,13_SanDiego,USA,32.95 N,117.77 W
1887,4,14.566,13_SanDiego,USA,32.95 N,117.77 W
1887,5,15.949,13_SanDiego,USA,32.95 N,117.77 W
1887,6,17.104,13_SanDiego,USA,32.95 N,117.77 W
1887,7,18.351,13_SanDiego,USA,32.95 N,117.77 W
1887,8,18.351,13_SanDiego,USA,32.95 N,117.77 W
1887,9,19.01,13_SanDiego,USA,32.95 N,117.77 W
1887,10,18.526,13_SanDiego,USA,32.95 N,117.77 W
1887,11,16.307,13_SanDiego,USA,32.95 N,117.77 W
1887,12,13.304,13_SanDiego,USA,32.95 N,117.77 W
1888,1,11.362,13_SanDiego,USA,32.95 N,117.77 W
1888,2,13.306,13_SanDiego,USA,32.95 N,117.77 W
1888,3,12.771,13_SanDiego,USA,32.95 N,117.77 W
1888,4,15.995,13_SanDiego,USA,32.95 N,117.77 W
1888,5,15.271,13_SanDiego,USA,32.95 N,117.77 W
1888,6,17.405,13_SanDiego,USA,32.95 N,117.77 W
1888,7,18.955,13_SanDiego,USA,32.95 N,117.77 W
1888,8,19.734,13_SanDiego,USA,32.95 N,117.77 W
1888,9,21.131,13_SanDiego,USA,32.95 N,117.77 W
1888,10,18.462,13_SanDiego,USA,32.95 N,117.77 W
1888,11,15.971,13_SanDiego,USA,32.95 N,117.77 W
1888,12,15.201,13_SanDiego,USA,32.95 N,117.77 W
1889,1,12.248,13_SanDiego,USA,32.95 N,117.77 W
1889,2,13.979,13_SanDiego,USA,32.95 N,117.77 W
1889,3,14.886,13_SanDiego,USA,32.95 N,117.77 W
1889,4,15.918,13_SanDiego,USA,32.95 N,117.77 W
1889,5,15.778,13_SanDiego,USA,32.95 N,117.77 W
1889,6,17.236,13_SanDiego,USA,32.95 N,117.77 W
1889,7,19.309,13_SanDiego,USA,32.95 N,117.77 W
1889,8,20.723,13_SanDiego,USA,32.95 N,117.77 W
1889,9,21.017,13_SanDiego,USA,32.95 N,117.77 W
1889,10,18.232,13_SanDiego,USA,32.95 N,117.77 W
1889,11,16.301,13_SanDiego,USA,32.95 N,117.77 W
1889,12,14.012,13_SanDiego,USA,32.95 N,117.77 W
1890,1,10.512,13_SanDiego,USA,32.95 N,117.77 W
1890,2,12.433,13_SanDiego,USA,32.95 N,117.77 W
1890,3,13.624,13_SanDiego,USA,32.95 N,117.77 W
1890,4,14.442,13_SanDiego,USA,32.95 N,117.77 W
1890,5,15.74,13_SanDiego,USA,32.95 N,117.77 W
1890,6,17.219,13_SanDiego,USA,32.95 N,117.77 W
1890,7,20.059,13_SanDiego,USA,32.95 N,117.77 W
1890,8,20.251,13_SanDiego,USA,32.95 N,117.77 W
1890,9,20.513,13_SanDiego,USA,32.95 N,117.77 W
1890,10,18.544,13_SanDiego,USA,32.95 N,117.77 W
1890,11,18.121,13_SanDiego,USA,32.95 N,117.77 W
1890,12,16.109,13_SanDiego,USA,32.95 N,117.77 W
1891,1,13.341,13_SanDiego,USA,32.95 N,117.77 W
1891,2,11.967,13_SanDiego,USA,32.95 N,117.77 W
1891,3,13.874,13_SanDiego,USA,32.95 N,117.77 W
1891,4,14.385,13_SanDiego,USA,32.95 N,117.77 W
1891,5,15.024,13_SanDiego,USA,32.95 N,117.77 W
1891,6,16.548,13_SanDiego,USA,32.95 N,117.77 W
1891,7,20.101,13_SanDiego,USA,32.95 N,117.77 W
1891,8,21.417,13_SanDiego,USA,32.95 N,117.77 W
1891,9,20.641,13_SanDiego,USA,32.95 N,117.77 W
1891,10,18.221,13_SanDiego,USA,32.95 N,117.77 W
1891,11,16.326,13_SanDiego,USA,32.95 N,117.77 W
1891,12,12.05,13_SanDiego,USA,32.95 N,117.77 W
1892,1,13.807,13_SanDiego,USA,32.95 N,117.77 W
1892,2,13.038,13_SanDiego,USA,32.95 N,117.77 W
1892,3,13.44,13_SanDiego,USA,32.95 N,117.77 W
1892,4,13.89,13_SanDiego,USA,32.95 N,117.77 W
1892,5,15.643,13_SanDiego,USA,32.95 N,117.77 W
1892,6,15.931,13_SanDiego,USA,32.95 N,117.77 W
1892,7,17.879,13_SanDiego,USA,32.95 N,117.77 W
1892,8,19.852,13_SanDiego,USA,32.95 N,117.77 W
1892,9,19.25,13_SanDiego,USA,32.95 N,117.77 W
1892,10,17.351,13_SanDiego,USA,32.95 N,117.77 W
1892,11,16.767,13_SanDiego,USA,32.95 N,117.77 W
1892,12,13.11,13_SanDiego,USA,32.95 N,117.77 W
1893,1,14.675,13_SanDiego,USA,32.95 N,117.77 W
1893,2,12.874,13_SanDiego,USA,32.95 N,117.77 W
1893,3,11.99,13_SanDiego,USA,32.95 N,117.77 W
1893,4,13.454,13_SanDiego,USA,32.95 N,117.77 W
1893,5,15.174,13_SanDiego,USA,32.95 N,117.77 W
1893,6,17.038,13_SanDiego,USA,32.95 N,117.77 W
1893,7,18.315,13_SanDiego,USA,32.95 N,117.77 W
1893,8,19.925,13_SanDiego,USA,32.95 N,117.77 W
1893,9,17.614,13_SanDiego,USA,32.95 N,117.77 W
1893,10,16.627,13_SanDiego,USA,32.95 N,117.77 W
1893,11,14.643,13_SanDiego,USA,32.95 N,117.77 W
1893,12,14.912,13_SanDiego,USA,32.95 N,117.77 W
1894,1,10.901,13_SanDiego,USA,32.95 N,117.77 W
1894,2,10.74,13_SanDiego,USA,32.95 N,117.77 W
1894,3,12.33,13_SanDiego,USA,32.95 N,117.77 W
1894,4,14.206,13_SanDiego,USA,32.95 N,117.77 W
1894,5,14.484,13_SanDiego,USA,32.95 N,117.77 W
1894,6,15.072,13_SanDiego,USA,32.95 N,117.77 W
1894,7,18.296,13_SanDiego,USA,32.95 N,117.77 W
1894,8,19.419,13_SanDiego,USA,32.95 N,117.77 W
1894,9,19.488,13_SanDiego,USA,32.95 N,117.77 W
1894,10,18.259,13_SanDiego,USA,32.95 N,117.77 W
1894,11,16.849,13_SanDiego,USA,32.95 N,117.77 W
1894,12,13.526,13_SanDiego,USA,32.95 N,117.77 W
1895,1,12.276,13_SanDiego,USA,32.95 N,117.77 W
1895,2,13.871,13_SanDiego,USA,32.95 N,117.77 W
1895,3,13.169,13_SanDiego,USA,32.95 N,117.77 W
1895,4,14.048,13_SanDiego,USA,32.95 N,117.77 W
1895,5,16.374,13_SanDiego,USA,32.95 N,117.77 W
1895,6,16.897,13_SanDiego,USA,32.95 N,117.77 W
1895,7,17.773,13_SanDiego,USA,32.95 N,117.77 W
1895,8,18.848,13_SanDiego,USA,32.95 N,117.77 W
1895,9,19.376,13_SanDiego,USA,32.95 N,117.77 W
1895,10,18.335,13_SanDiego,USA,32.95 N,117.77 W
1895,11,15.836,13_SanDiego,USA,32.95 N,117.77 W
1895,12,13.694,13_SanDiego,USA,32.95 N,117.77 W
1896,1,14.558,13_SanDiego,USA,32.95 N,117.77 W
1896,2,14.698,13_SanDiego,USA,32.95 N,117.77 W
1896,3,14.315,13_SanDiego,USA,32.95 N,117.77 W
1896,4,12.422,13_SanDiego,USA,32.95 N,117.77 W
1896,5,15.722,13_SanDiego,USA,32.95 N,117.77 W
1896,6,18.506,13_SanDiego,USA,32.95 N,117.77 W
1896,7,19.246,13_SanDiego,USA,32.95 N,117.77 W
1896,8,19.875,13_SanDiego,USA,32.95 N,117.77 W
1896,9,18.986,13_SanDiego,USA,32.95 N,117.77 W
1896,10,18.459,13_SanDiego,USA,32.95 N,117.77 W
1896,11,15.788,13_SanDiego,USA,32.95 N,117.77 W
1896,12,15.4,13_SanDiego,USA,32.95 N,117.77 W
1897,1,13.479,13_SanDiego,USA,32.95 N,117.77 W
1897,2,12.031,13_SanDiego,USA,32.95 N,117.77 W
1897,3,11.425,13_SanDiego,USA,32.95 N,117.77 W
1897,4,15.51,13_SanDiego,USA,32.95 N,117.77 W
1897,5,16.15,13_SanDiego,USA,32.95 N,117.77 W
1897,6,17.039,13_SanDiego,USA,32.95 N,117.77 W
1897,7,18.891,13_SanDiego,USA,32.95 N,117.77 W
1897,8,20.585,13_SanDiego,USA,32.95 N,117.77 W
1897,9,19.974,13_SanDiego,USA,32.95 N,117.77 W
1897,10,16.216,13_SanDiego,USA,32.95 N,117.77 W
1897,11,15.913,13_SanDiego,USA,32.95 N,117.77 W
1897,12,12.842,13_SanDiego,USA,32.95 N,117.77 W
1898,1,10.937,13_SanDiego,USA,32.95 N,117.77 W
1898,2,14.136,13_SanDiego,USA,32.95 N,117.77 W
1898,3,12.173,13_SanDiego,USA,32.95 N,117.77 W
1898,4,16.11,13_SanDiego,USA,32.95 N,117.77 W
1898,5,14.361,13_SanDiego,USA,32.95 N,117.77 W
1898,6,17.318,13_SanDiego,USA,32.95 N,117.77 W
1898,7,19.053,13_SanDiego,USA,32.95 N,117.77 W
1898,8,21.15,13_SanDiego,USA,32.95 N,117.77 W
1898,9,20.395,13_SanDiego,USA,32.95 N,117.77 W
1898,10,17.878,13_SanDiego,USA,32.95 N,117.77 W
1898,11,15.498,13_SanDiego,USA,32.95 N,117.77 W
1898,12,13.575,13_SanDiego,USA,32.95 N,117.77 W
1899,1,13.515,13_SanDiego,USA,32.95 N,117.77 W
1899,2,12.324,13_SanDiego,USA,32.95 N,117.77 W
1899,3,13.103,13_SanDiego,USA,32.95 N,117.77 W
1899,4,14.795,13_SanDiego,USA,32.95 N,117.77 W
1899,5,13.681,13_SanDiego,USA,32.95 N,117.77 W
1899,6,16.245,13_SanDiego,USA,32.95 N,117.77 W
1899,7,18.529,13_SanDiego,USA,32.95 N,117.77 W
1899,8,18.132,13_SanDiego,USA,32.95 N,117.77 W
1899,9,20.402,13_SanDiego,USA,32.95 N,117.77 W
1899,10,16.823,13_SanDiego,USA,32.95 N,117.77 W
1899,11,16.443,13_SanDiego,USA,32.95 N,117.77 W
1899,12,15.096,13_SanDiego,USA,32.95 N,117.77 W
1900,1,14.836,13_SanDiego,USA,32.95 N,117.77 W
1900,2,14.448,13_SanDiego,USA,32.95 N,117.77 W
1900,3,15.173,13_SanDiego,USA,32.95 N,117.77 W
1900,4,12.458,13_SanDiego,USA,32.95 N,117.77 W
1900,5,16.102,13_SanDiego,USA,32.95 N,117.77 W
1900,6,17.332,13_SanDiego,USA,32.95 N,117.77 W
1900,7,19.003,13_SanDiego,USA,32.95 N,117.77 W
1900,8,18.15,13_SanDiego,USA,32.95 N,117.77 W
1900,9,17.671,13_SanDiego,USA,32.95 N,117.77 W
1900,10,17.521,13_SanDiego,USA,32.95 N,117.77 W
1900,11,18.641,13_SanDiego,USA,32.95 N,117.77 W
1900,12,15.674,13_SanDiego,USA,32.95 N,117.77 W
1901,1,13.243,13_SanDiego,USA,32.95 N,117.77 W
1901,2,14.045,13_SanDiego,USA,32.95 N,117.77 W
1901,3,14.946,13_SanDiego,USA,32.95 N,117.77 W
1901,4,13.252,13_SanDiego,USA,32.95 N,117.77 W
1901,5,14.568,13_SanDiego,USA,32.95 N,117.77 W
1901,6,16.47,13_SanDiego,USA,32.95 N,117.77 W
1901,7,19.144,13_SanDiego,USA,32.95 N,117.77 W
1901,8,20.411,13_SanDiego,USA,32.95 N,117.77 W
1901,9,17.683,13_SanDiego,USA,32.95 N,117.77 W
1901,10,18.17,13_SanDiego,USA,32.95 N,117.77 W
1901,11,16.61,13_SanDiego,USA,32.95 N,117.77 W
1901,12,15.207,13_SanDiego,USA,32.95 N,117.77 W
1902,1,13.821,13_SanDiego,USA,32.95 N,117.77 W
1902,2,12.986,13_SanDiego,USA,32.95 N,117.77 W
1902,3,12.121,13_SanDiego,USA,32.95 N,117.77 W
1902,4,13.786,13_SanDiego,USA,32.95 N,117.77 W
1902,5,14.798,13_SanDiego,USA,32.95 N,117.77 W
1902,6,16.858,13_SanDiego,USA,32.95 N,117.77 W
1902,7,17.509,13_SanDiego,USA,32.95 N,117.77 W
1902,8,18.478,13_SanDiego,USA,32.95 N,117.77 W
1902,9,19.6,13_SanDiego,USA,32.95 N,117.77 W
1902,10,17.307,13_SanDiego,USA,32.95 N,117.77 W
1902,11,14.694,13_SanDiego,USA,32.95 N,117.77 W
1902,12,13.668,13_SanDiego,USA,32.95 N,117.77 W
1903,1,14.202,13_SanDiego,USA,32.95 N,117.77 W
1903,2,11.008,13_SanDiego,USA,32.95 N,117.77 W
1903,3,13.239,13_SanDiego,USA,32.95 N,117.77 W
1903,4,13.623,13_SanDiego,USA,32.95 N,117.77 W
1903,5,15.0,13_SanDiego,USA,32.95 N,117.77 W
1903,6,17.214,13_SanDiego,USA,32.95 N,117.77 W
1903,7,18.004,13_SanDiego,USA,32.95 N,117.77 W
1903,8,19.59,13_SanDiego,USA,32.95 N,117.77 W
1903,9,19.462,13_SanDiego,USA,32.95 N,117.77 W
1903,10,18.658,13_SanDiego,USA,32.95 N,117.77 W
1903,11,17.258,13_SanDiego,USA,32.95 N,117.77 W
1903,12,14.592,13_SanDiego,USA,32.95 N,117.77 W
1904,1,13.153,13_SanDiego,USA,32.95 N,117.77 W
1904,2,13.523,13_SanDiego,USA,32.95 N,117.77 W
1904,3,13.673,13_SanDiego,USA,32.95 N,117.77 W
1904,4,14.465,13_SanDiego,USA,32.95 N,117.77 W
1904,5,15.654,13_SanDiego,USA,32.95 N,117.77 W
1904,6,17.859,13_SanDiego,USA,32.95 N,117.77 W
1904,7,18.287,13_SanDiego,USA,32.95 N,117.77 W
1904,8,20.815,13_SanDiego,USA,32.95 N,117.77 W
1904,9,20.688,13_SanDiego,USA,32.95 N,117.77 W
1904,10,18.799,13_SanDiego,USA,32.95 N,117.77 W
1904,11,17.753,13_SanDiego,USA,32.95 N,117.77 W
1904,12,14.924,13_SanDiego,USA,32.95 N,117.77 W
1905,1,15.036,13_SanDiego,USA,32.95 N,117.77 W
1905,2,14.42,13_SanDiego,USA,32.95 N,117.77 W
1905,3,14.789,13_SanDiego,USA,32.95 N,117.77 W
1905,4,14.202,13_SanDiego,USA,32.95 N,117.77 W
1905,5,14.13,13_SanDiego,USA,32.95 N,117.77 W
1905,6,15.959,13_SanDiego,USA,32.95 N,117.77 W
1905,7,18.319,13_SanDiego,USA,32.95 N,117.77 W
1905,8,19.783,13_SanDiego,USA,32.95 N,117.77 W
1905,9,19.379,13_SanDiego,USA,32.95 N,117.77 W
1905,10,18.37,13_SanDiego,USA,32.95 N,117.77 W
1905,11,15.615,13_SanDiego,USA,32.95 N,117.77 W
1905,12,13.732,13_SanDiego,USA,32.95 N,117.77 W
1906,1,13.334,13_SanDiego,USA,32.95 N,117.77 W
1906,2,14.929,13_SanDiego,USA,32.95 N,117.77 W
1906,3,13.713,13_SanDiego,USA,32.95 N,117.77 W
1906,4,13.938,13_SanDiego,USA,32.95 N,117.77 W
1906,5,14.223,13_SanDiego,USA,32.95 N,117.77 W
1906,6,17.237,13_SanDiego,USA,32.95 N,117.77 W
1906,7,20.197,13_SanDiego,USA,32.95 N,117.77 W
1906,8,19.491,13_SanDiego,USA,32.95 N,117.77 W
1906,9,19.885,13_SanDiego,USA,32.95 N,117.77 W
1906,10,19.364,13_SanDiego,USA,32.95 N,117.77 W
1906,11,14.836,13_SanDiego,USA,32.95 N,117.77 W
1906,12,14.056,13_SanDiego,USA,32.95 N,117.77 W
1907,1,11.686,13_SanDiego,USA,32.95 N,117.77 W
1907,2,15.862,13_SanDiego,USA,32.95 N,117.77 W
1907,3,12.815,13_SanDiego,USA,32.95 N,117.77 W
1907,4,14.746,13_SanDiego,USA,32.95 N,117.77 W
1907,5,14.937,13_SanDiego,USA,32.95 N,117.77 W
1907,6,15.913,13_SanDiego,USA,32.95 N,117.77 W
1907,7,19.096,13_SanDiego,USA,32.95 N,117.77 W
1907,8,18.341,13_SanDiego,USA,32.95 N,117.77 W
1907,9,18.192,13_SanDiego,USA,32.95 N,117.77 W
1907,10,18.15,13_SanDiego,USA,32.95 N,117.77 W
1907,11,16.512,13_SanDiego,USA,32.95 N,117.77 W
1907,12,14.941,13_SanDiego,USA,32.95 N,117.77 W
1908,1,13.907,13_SanDiego,USA,32.95 N,117.77 W
1908,2,12.239,13_SanDiego,USA,32.95 N,117.77 W
1908,3,14.042,13_SanDiego,USA,32.95 N,117.77 W
1908,4,15.267,13_SanDiego,USA,32.95 N,117.77 W
1908,5,13.694,13_SanDiego,USA,32.95 N,117.77 W
1908,6,15.343,13_SanDiego,USA,32.95 N,117.77 W
1908,7,19.213,13_SanDiego,USA,32.95 N,117.77 W
1908,8,19.434,13_SanDiego,USA,32.95 N,117.77 W
1908,9,19.481,13_SanDiego,USA,32.95 N,117.77 W
1908,10,16.486,13_SanDiego,USA,32.95 N,117.77 W
1908,11,15.601,13_SanDiego,USA,32.95 N,117.77 W
1908,12,13.016,13_SanDiego,USA,32.95 N,117.77 W
1909,1,13.505,13_SanDiego,USA,32.95 N,117.77 W
1909,2,12.169,13_SanDiego,USA,32.95 N,117.77 W
1909,3,11.94,13_SanDiego,USA,32.95 N,117.77 W
1909,4,14.315,13_SanDiego,USA,32.95 N,117.77 W
1909,5,14.332,13_SanDiego,USA,32.95 N,117.77 W
1909,6,16.504,13_SanDiego,USA,32.95 N,117.77 W
1909,7,17.666,13_SanDiego,USA,32.95 N,117.77 W
1909,8,20.105,13_SanDiego,USA,32.95 N,117.77 W
1909,9,19.081,13_SanDiego,USA,32.95 N,117.77 W
1909,10,17.776,13_SanDiego,USA,32.95 N,117.77 W
1909,11,15.215,13_SanDiego,USA,32.95 N,117.77 W
1909,12,12.516,13_SanDiego,USA,32.95 N,117.77 W
1910,1,12.111,13_SanDiego,USA,32.95 N,117.77 W
1910,2,12.376,13_SanDiego,USA,32.95 N,117.77 W
1910,3,14.511,13_SanDiego,USA,32.95 N,117.77 W
1910,4,15.911,13_SanDiego,USA,32.95 N,117.77 W
1910,5,16.526,13_SanDiego,USA,32.95 N,117.77 W
1910,6,16.084,13_SanDiego,USA,32.95 N,117.77 W
1910,7,18.929,13_SanDiego,USA,32.95 N,117.77 W
1910,8,19.531,13_SanDiego,USA,32.95 N,117.77 W
1910,9,20.127,13_SanDiego,USA,32.95 N,117.77 W
1910,10,18.384,13_SanDiego,USA,32.95 N,117.77 W
1910,11,15.975,13_SanDiego,USA,32.95 N,117.77 W
1910,12,14.802,13_SanDiego,USA,32.95 N,117.77 W
1911,1,14.067,13_SanDiego,USA,32.95 N,117.77 W
1911,2,11.036,13_SanDiego,USA,32.95 N,117.77 W
1911,3,14.323,13_SanDiego,USA,32.95 N,117.77 W
1911,4,13.441,13_SanDiego,USA,32.95 N,117.77 W
1911,5,14.324,13_SanDiego,USA,32.95 N,117.77 W
1911,6,15.861,13_SanDiego,USA,32.95 N,117.77 W
1911,7,18.67,13_SanDiego,USA,32.95 N,117.77 W
1911,8,19.13,13_SanDiego,USA,32.95 N,117.77 W
1911,9,18.551,13_SanDiego,USA,32.95 N,117.77 W
1911,10,17.332,13_SanDiego,USA,32.95 N,117.77 W
1911,11,16.389,13_SanDiego,USA,32.95 N,117.77 W
1911,12,12.399,13_SanDiego,USA,32.95 N,117.77 W
1912,1,14.331,13_SanDiego,USA,32.95 N,117.77 W
1912,2,13.898,13_SanDiego,USA,32.95 N,117.77 W
1912,3,11.544,13_SanDiego,USA,32.95 N,117.77 W
1912,4,12.184,13_SanDiego,USA,32.95 N,117.77 W
1912,5,14.94,13_SanDiego,USA,32.95 N,117.77 W
1912,6,16.326,13_SanDiego,USA,32.95 N,117.77 W
1912,7,17.635,13_SanDiego,USA,32.95 N,117.77 W
1912,8,18.103,13_SanDiego,USA,32.95 N,117.77 W
1912,9,18.588,13_SanDiego,USA,32.95 N,117.77 W
1912,10,16.714,13_SanDiego,USA,32.95 N,117.77 W
1912,11,16.959,13_SanDiego,USA,32.95 N,117.77 W
1912,12,13.105,13_SanDiego,USA,32.95 N,117.77 W
1913,1,11.528,13_SanDiego,USA,32.95 N,117.77 W
1913,2,12.161,13_SanDiego,USA,32.95 N,117.77 W
1913,3,12.48,13_SanDiego,USA,32.95 N,117.77 W
1913,4,13.537,13_SanDiego,USA,32.95 N,117.77 W
1913,5,14.425,13_SanDiego,USA,32.95 N,117.77 W
1913,6,15.491,13_SanDiego,USA,32.95 N,117.77 W
1913,7,18.076,13_SanDiego,USA,32.95 N,117.77 W
1913,8,19.47,13_SanDiego,USA,32.95 N,117.77 W
1913,9,20.82,13_SanDiego,USA,32.95 N,117.77 W
1913,10,18.257,13_SanDiego,USA,32.95 N,117.77 W
1913,11,16.251,13_SanDiego,USA,32.95 N,117.77 W
1913,12,13.371,13_SanDiego,USA,32.95 N,117.77 W
1914,1,13.978,13_SanDiego,USA,32.95 N,117.77 W
1914,2,13.994,13_SanDiego,USA,32.95 N,117.77 W
1914,3,15.462,13_SanDiego,USA,32.95 N,117.77 W
1914,4,14.963,13_SanDiego,USA,32.95 N,117.77 W
1914,5,14.352,13_SanDiego,USA,32.95 N,117.77 W
1914,6,16.343,13_SanDiego,USA,32.95 N,117.77 W
1914,7,17.817,13_SanDiego,USA,32.95 N,117.77 W
1914,8,18.395,13_SanDiego,USA,32.95 N,117.77 W
1914,9,18.978,13_SanDiego,USA,32.95 N,117.77 W
1914,10,18.73,13_SanDiego,USA,32.95 N,117.77 W
1914,11,18.376,13_SanDiego,USA,32.95 N,117.77 W
1914,12,12.404,13_SanDiego,USA,32.95 N,117.77 W
1915,1,13.02,13_SanDiego,USA,32.95 N,117.77 W
1915,2,12.562,13_SanDiego,USA,32.95 N,117.77 W
1915,3,14.517,13_SanDiego,USA,32.95 N,117.77 W
1915,4,14.118,13_SanDiego,USA,32.95 N,117.77 W
1915,5,14.47,13_SanDiego,USA,32.95 N,117.77 W
1915,6,16.985,13_SanDiego,USA,32.95 N,117.77 W
1915,7,18.033,13_SanDiego,USA,32.95 N,117.77 W
1915,8,19.869,13_SanDiego,USA,32.95 N,117.77 W
1915,9,18.322,13_SanDiego,USA,32.95 N,117.77 W
1915,10,17.7,13_SanDiego,USA,32.95 N,117.77 W
1915,11,15.508,13_SanDiego,USA,32.95 N,117.77 W
1915,12,13.561,13_SanDiego,USA,32.95 N,117.77 W
1916,1,11.567,13_SanDiego,USA,32.95 N,117.77 W
1916,2,14.46,13_SanDiego,USA,32.95 N,117.77 W
1916,3,15.292,13_SanDiego,USA,32.95 N,117.77 W
1916,4,14.988,13_SanDiego,USA,32.95 N,117.77 W
1916,5,14.844,13_SanDiego,USA,32.95 N,117.77 W
1916,6,15.808,13_SanDiego,USA,32.95 N,117.77 W
1916,7,17.683,13_SanDiego,USA,32.95 N,117.77 W
1916,8,18.569,13_SanDiego,USA,32.95 N,117.77 W
1916,9,18.302,13_SanDiego,USA,32.95 N,117.77 W
1916,10,15.013,13_SanDiego,USA,32.95 N,117.77 W
1916,11,14.679,13_SanDiego,USA,32.95 N,117.77 W
1916,12,11.76,13_SanDiego,USA,32.95 N,117.77 W
1917,1,10.962,13_SanDiego,USA,32.95 N,117.77 W
1917,2,12.287,13_SanDiego,USA,32.95 N,117.77 W
1917,3,11.826,13_SanDiego,USA,32.95 N,117.77 W
1917,4,12.821,13_SanDiego,USA,32.95 N,117.77 W
1917,5,12.946,13_SanDiego,USA,32.95 N,117.77 W
1917,6,17.595,13_SanDiego,USA,32.95 N,117.77 W
1917,7,19.53,13_SanDiego,USA,32.95 N,117.77 W
1917,8,19.144,13_SanDiego,USA,32.95 N,117.77 W
1917,9,20.168,13_SanDiego,USA,32.95 N,117.77 W
1917,10,19.012,13_SanDiego,USA,32.95 N,117.77 W
1917,11,16.9,13_SanDiego,USA,32.95 N,117.77 W
1917,12,15.852,13_SanDiego,USA,32.95 N,117.77 W
1918,1,13.228,13_SanDiego,USA,32.95 N,117.77 W
1918,2,13.009,13_SanDiego,USA,32.95 N,117.77 W
1918,3,14.174,13_SanDiego,USA,32.95 N,117.77 W
1918,4,14.629,13_SanDiego,USA,32.95 N,117.77 W
1918,5,14.247,13_SanDiego,USA,32.95 N,117.77 W
1918,6,18.931,13_SanDiego,USA,32.95 N,117.77 W
1918,7,18.545,13_SanDiego,USA,32.95 N,117.77 W
1918,8,19.706,13_SanDiego,USA,32.95 N,117.77 W
1918,9,20.569,13_SanDiego,USA,32.95 N,117.77 W
1918,10,19.967,13_SanDiego,USA,32.95 N,117.77 W
1918,11,15.253,13_SanDiego,USA,32.95 N,117.77 W
1918,12,13.133,13_SanDiego,USA,32.95 N,117.77 W
1919,1,14.41,13_SanDiego,USA,32.95 N,117.77 W
1919,2,11.358,13_SanDiego,USA,32.95 N,117.77 W
1919,3,11.956,13_SanDiego,USA,32.95 N,117.77 W
1919,4,14.385,13_SanDiego,USA,32.95 N,117.77 W
1919,5,15.214,13_SanDiego,USA,32.95 N,117.77 W
1919,6,17.274,13_SanDiego,USA,32.95 N,117.77 W
1919,7,18.945,13_SanDiego,USA,32.95 N,117.77 W
1919,8,19.361,13_SanDiego,USA,32.95 N,117.77 W
1919,9,19.212,13_SanDiego,USA,32.95 N,117.77 W
1919,10,16.227,13_SanDiego,USA,32.95 N,117.77 W
1919,11,15.131,13_SanDiego,USA,32.95 N,117.77 W
1919,12,14.554,13_SanDiego,USA,32.95 N,117.77 W
1920,1,14.171,13_SanDiego,USA,32.95 N,117.77 W
1920,2,13.761,13_SanDiego,USA,32.95 N,117.77 W
1920,3,12.511,13_SanDiego,USA,32.95 N,117.77 W
1920,4,13.24,13_SanDiego,USA,32.95 N,117.77 W
1920,5,15.127,13_SanDiego,USA,32.95 N,117.77 W
1920,6,16.345,13_SanDiego,USA,32.95 N,117.77 W
1920,7,18.644,13_SanDiego,USA,32.95 N,117.77 W
1920,8,19.745,13_SanDiego,USA,32.95 N,117.77 W
1920,9,18.639,13_SanDiego,USA,32.95 N,117.77 W
1920,10,15.806,13_SanDiego,USA,32.95 N,117.77 W
1920,11,15.082,13_SanDiego,USA,32.95 N,117.77 W
1920,12,12.95,13_SanDiego,USA,32.95 N,117.77 W
1921,1,12.268,13_SanDiego,USA,32.95 N,117.77 W
1921,2,13.29,13_SanDiego,USA,32.95 N,117.77 W
1921,3,14.103,13_SanDiego,USA,32.95 N,117.77 W
1921,4,13.117,13_SanDiego,USA,32.95 N,117.77 W
1921,5,13.366,13_SanDiego,USA,32.95 N,117.77 W
1921,6,16.217,13_SanDiego,USA,32.95 N,117.77 W
1921,7,19.197,13_SanDiego,USA,32.95 N,117.77 W
1921,8,19.203,13_SanDiego,USA,32.95 N,117.77 W
1921,9,19.01,13_SanDiego,USA,32.95 N,117.77 W
1921,10,18.654,13_SanDiego,USA,32.95 N,117.77 W
1921,11,16.505,13_SanDiego,USA,32.95 N,117.77 W
1921,12,15.757,13_SanDiego,USA,32.95 N,117.77 W
1922,1,11.768,13_SanDiego,USA,32.95 N,117.77 W
1922,2,11.915,13_SanDiego,USA,32.95 N,117.77 W
1922,3,11.755,13_SanDiego,USA,32.95 N,117.77 W
1922,4,12.201,13_SanDiego,USA,32.95 N,117.77 W
1922,5,15.403,13_SanDiego,USA,32.95 N,117.77 W
1922,6,17.31,13_SanDiego,USA,32.95 N,117.77 W
1922,7,18.702,13_SanDiego,USA,32.95 N,117.77 W
1922,8,20.472,13_SanDiego,USA,32.95 N,117.77 W
1922,9,21.527,13_SanDiego,USA,32.95 N,117.77 W
1922,10,17.495,13_SanDiego,USA,32.95 N,117.77 W
1922,11,14.287,13_SanDiego,USA,32.95 N,117.77 W
1922,12,14.61,13_SanDiego,USA,32.95 N,117.77 W
1923,1,13.837,13_SanDiego,USA,32.95 N,117.77 W
1923,2,12.57,13_SanDiego,USA,32.95 N,117.77 W
1923,3,13.576,13_SanDiego,USA,32.95 N,117.77 W
1923,4,13.435,13_SanDiego,USA,32.95 N,117.77 W
1923,5,16.137,13_SanDiego,USA,32.95 N,117.77 W
1923,6,15.157,13_SanDiego,USA,32.95 N,117.77 W
1923,7,18.005,13_SanDiego,USA,32.95 N,117.77 W
1923,8,18.661,13_SanDiego,USA,32.95 N,117.77 W
1923,9,19.476,13_SanDiego,USA,32.95 N,117.77 W
1923,10,17.605,13_SanDiego,USA,32.95 N,117.77 W
1923,11,17.384,13_SanDiego,USA,32.95 N,117.77 W
1923,12,13.993,13_SanDiego,USA,32.95 N,117.77 W
1924,1,13.154,13_SanDiego,USA,32.95 N,117.77 W
1924,2,15.367,13_SanDiego,USA,32.95 N,117.77 W
1924,3,12.188,13_SanDiego,USA,32.95 N,117.77 W
1924,4,13.652,13_SanDiego,USA,32.95 N,117.77 W
1924,5,16.547,13_SanDiego,USA,32.95 N,117.77 W
1924,6,17.882,13_SanDiego,USA,32.95 N,117.77 W
1924,7,18.236,13_SanDiego,USA,32.95 N,117.77 W
1924,8,18.738,13_SanDiego,USA,32.95 N,117.77 W
1924,9,19.802,13_SanDiego,USA,32.95 N,117.77 W
1924,10,15.983,13_SanDiego,USA,32.95 N,117.77 W
1924,11,16.24,13_SanDiego,USA,32.95 N,117.77 W
1924,12,12.841,13_SanDiego,USA,32.95 N,117.77 W
1925,1,13.141,13_SanDiego,USA,32.95 N,117.77 W
1925,2,14.083,13_SanDiego,USA,32.95 N,117.77 W
1925,3,13.756,13_SanDiego,USA,32.95 N,117.77 W
1925,4,13.834,13_SanDiego,USA,32.95 N,117.77 W
1925,5,15.582,13_SanDiego,USA,32.95 N,117.77 W
1925,6,17.192,13_SanDiego,USA,32.95 N,117.77 W
1925,7,19.762,13_SanDiego,USA,32.95 N,117.77 W
1925,8,18.911,13_SanDiego,USA,32.95 N,117.77 W
1925,9,18.368,13_SanDiego,USA,32.95 N,117.77 W
1925,10,16.848,13_SanDiego,USA,32.95 N,117.77 W
1925,11,15.676,13_SanDiego,USA,32.95 N,117.77 W
1925,12,15.64,13_SanDiego,USA,32.95 N,117.77 W
1926,1,13.479,13_SanDiego,USA,32.95 N,117.77 W
1926,2,14.996,13_SanDiego,USA,32.95 N,117.77 W
1926,3,15.714,13_SanDiego,USA,32.95 N,117.77 W
1926,4,16.159,13_SanDiego,USA,32.95 N,117.77 W
1926,5,16.443,13_SanDiego,USA,32.95 N,117.77 W
1926,6,17.917,13_SanDiego,USA,32.95 N,117.77 W
1926,7,18.787,13_SanDiego,USA,32.95 N,117.77 W
1926,8,19.928,13_SanDiego,USA,32.95 N,117.77 W
1926,9,18.375,13_SanDiego,USA,32.95 N,117.77 W
1926,10,18.535,13_SanDiego,USA,32.95 N,117.77 W
1926,11,17.918,13_SanDiego,USA,32.95 N,117.77 W
1926,12,12.832,13_SanDiego,USA,32.95 N,117.77 W
1927,1,13.505,13_SanDiego,USA,32.95 N,117.77 W
1927,2,13.924,13_SanDiego,USA,32.95 N,117.77 W
1927,3,12.764,13_SanDiego,USA,32.95 N,117.77 W
1927,4,13.732,13_SanDiego,USA,32.95 N,117.77 W
1927,5,15.618,13_SanDiego,USA,32.95 N,117.77 W
1927,6,16.362,13_SanDiego,USA,32.95 N,117.77 W
1927,7,19.375,13_SanDiego,USA,32.95 N,117.77 W
1927,8,19.333,13_SanDiego,USA,32.95 N,117.77 W
1927,9,18.535,13_SanDiego,USA,32.95 N,117.77 W
1927,10,18.577,13_SanDiego,USA,32.95 N,117.77 W
1927,11,17.835,13_SanDiego,USA,32.95 N,117.77 W
1927,12,13.423,13_SanDiego,USA,32.95 N,117.77 W
1928,1,14.951,13_SanDiego,USA,32.95 N,117.77 W
1928,2,13.991,13_SanDiego,USA,32.95 N,117.77 W
1928,3,14.848,13_SanDiego,USA,32.95 N,117.77 W
1928,4,14.577,13_SanDiego,USA,32.95 N,117.77 W
1928,5,16.583,13_SanDiego,USA,32.95 N,117.77 W
1928,6,16.664,13_SanDiego,USA,32.95 N,117.77 W
1928,7,18.181,13_SanDiego,USA,32.95 N,117.77 W
1928,8,18.907,13_SanDiego,USA,32.95 N,117.77 W
1928,9,20.246,13_SanDiego,USA,32.95 N,117.77 W
1928,10,17.143,13_SanDiego,USA,32.95 N,117.77 W
1928,11,16.438,13_SanDiego,USA,32.95 N,117.77 W
1928,12,14.04,13_SanDiego,USA,32.95 N,117.77 W
1929,1,12.368,13_SanDiego,USA,32.95 N,117.77 W
1929,2,11.369,13_SanDiego,USA,32.95 N,117.77 W
1929,3,12.718,13_SanDiego,USA,32.95 N,117.77 W
1929,4,12.761,13_SanDiego,USA,32.95 N,117.77 W
1929,5,16.13,13_SanDiego,USA,32.95 N,117.77 W
1929,6,16.789,13_SanDiego,USA,32.95 N,117.77 W
1929,7,19.303,13_SanDiego,USA,32.95 N,117.77 W
1929,8,21.381,13_SanDiego,USA,32.95 N,117.77 W
1929,9,19.698,13_SanDiego,USA,32.95 N,117.77 W
1929,10,19.783,13_SanDiego,USA,32.95 N,117.77 W
1929,11,17.055,13_SanDiego,USA,32.95 N,117.77 W
1929,12,16.554,13_SanDiego,USA,32.95 N,117.77 W
1930,1,13.152,13_SanDiego,USA,32.95 N,117.77 W
1930,2,14.898,13_SanDiego,USA,32.95 N,117.77 W
1930,3,14.548,13_SanDiego,USA,32.95 N,117.77 W
1930,4,15.74,13_SanDiego,USA,32.95 N,117.77 W
1930,5,13.829,13_SanDiego,USA,32.95 N,117.77 W
1930,6,16.569,13_SanDiego,USA,32.95 N,117.77 W
1930,7,19.265,13_SanDiego,USA,32.95 N,117.77 W
1930,8,20.126,13_SanDiego,USA,32.95 N,117.77 W
1930,9,18.181,13_SanDiego,USA,32.95 N,117.77 W
1930,10,18.171,13_SanDiego,USA,32.95 N,117.77 W
1930,11,17.43,13_SanDiego,USA,32.95 N,117.77 W
1930,12,14.183,13_SanDiego,USA,32.95 N,117.77 W
1931,1,14.372,13_SanDiego,USA,32.95 N,117.77 W
1931,2,14.47,13_SanDiego,USA,32.95 N,117.77 W
1931,3,15.728,13_SanDiego,USA,32.95 N,117.77 W
1931,4,16.593,13_SanDiego,USA,32.95 N,117.77 W
1931,5,18.014,13_SanDiego,USA,32.95 N,117.77 W
1931,6,18.174,13_SanDiego,USA,32.95 N,117.77 W
1931,7,21.844,13_SanDiego,USA,32.95 N,117.77 W
1931,8,21.877,13_SanDiego,USA,32.95 N,117.77 W
1931,9,20.09,13_SanDiego,USA,32.95 N,117.77 W
1931,10,18.805,13_SanDiego,USA,32.95 N,117.77 W
1931,11,14.557,13_SanDiego,USA,32.95 N,117.77 W
1931,12,12.561,13_SanDiego,USA,32.95 N,117.77 W
1932,1,11.478,13_SanDiego,USA,32.95 N,117.77 W
1932,2,12.715,13_SanDiego,USA,32.95 N,117.77 W
1932,3,14.655,13_SanDiego,USA,32.95 N,117.77 W
1932,4,14.619,13_SanDiego,USA,32.95 N,117.77 W
1932,5,15.669,13_SanDiego,USA,32.95 N,117.77 W
1932,6,16.496,13_SanDiego,USA,32.95 N,117.77 W
1932,7,18.03,13_SanDiego,USA,32.95 N,117.77 W
1932,8,19.015,13_SanDiego,USA,32.95 N,117.77 W
1932,9,19.513,13_SanDiego,USA,32.95 N,117.77 W
1932,10,17.92,13_SanDiego,USA,32.95 N,117.77 W
1932,11,18.525,13_SanDiego,USA,32.95 N,117.77 W
1932,12,12.411,13_SanDiego,USA,32.95 N,117.77 W
1933,1,11.689,13_SanDiego,USA,32.95 N,117.77 W
1933,2,11.634,13_SanDiego,USA,32.95 N,117.77 W
1933,3,13.622,13_SanDiego,USA,32.95 N,117.77 W
1933,4,13.314,13_SanDiego,USA,32.95 N,117.77 W
1933,5,13.189,13_SanDiego,USA,32.95 N,117.77 W
1933,6,15.746,13_SanDiego,USA,32.95 N,117.77 W
1933,7,18.624,13_SanDiego,USA,32.95 N,117.77 W
1933,8,19.515,13_SanDiego,USA,32.95 N,117.77 W
1933,9,17.851,13_SanDiego,USA,32.95 N,117.77 W
1933,10,18.967,13_SanDiego,USA,32.95 N,117.77 W
1933,11,17.695,13_SanDiego,USA,32.95 N,117.77 W
1933,12,13.951,13_SanDiego,USA,32.95 N,117.77 W
1934,1,14.373,13_SanDiego,USA,32.95 N,117.77 W
1934,2,14.658,13_SanDiego,USA,32.95 N,117.77 W
1934,3,16.998,13_SanDiego,USA,32.95 N,117.77 W
1934,4,16.594,13_SanDiego,USA,32.95 N,117.77 W
1934,5,17.532,13_SanDiego,USA,32.95 N,117.77 W
1934,6,15.932,13_SanDiego,USA,32.95 N,117.77 W
1934,7,19.675,13_SanDiego,USA,32.95 N,117.77 W
1934,8,19.973,13_SanDiego,USA,32.95 N,117.77 W
1934,9,20.676,13_SanDiego,USA,32.95 N,117.77 W
1934,10,18.571,13_SanDiego,USA,32.95 N,117.77 W
1934,11,16.385,13_SanDiego,USA,32.95 N,117.77 W
1934,12,15.333,13_SanDiego,USA,32.95 N,117.77 W
1935,1,13.395,13_SanDiego,USA,32.95 N,117.77 W
1935,2,14.092,13_SanDiego,USA,32.95 N,117.77 W
1935,3,11.586,13_SanDiego,USA,32.95 N,117.77 W
1935,4,14.425,13_SanDiego,USA,32.95 N,117.77 W
1935,5,14.828,13_SanDiego,USA,32.95 N,117.77 W
1935,6,16.74,13_SanDiego,USA,32.95 N,117.77 W
1935,7,18.619,13_SanDiego,USA,32.95 N,117.77 W
1935,8,20.818,13_SanDiego,USA,32.95 N,117.77 W
1935,9,19.945,13_SanDiego,USA,32.95 N,117.77 W
1935,10,17.888,13_SanDiego,USA,32.95 N,117.77 W
1935,11,14.741,13_SanDiego,USA,32.95 N,117.77 W
1935,12,14.589,13_SanDiego,USA,32.95 N,117.77 W
1936,1,14.33,13_SanDiego,USA,32.95 N,117.77 W
1936,2,13.117,13_SanDiego,USA,32.95 N,117.77 W
1936,3,14.307,13_SanDiego,USA,32.95 N,117.77 W
1936,4,14.531,13_SanDiego,USA,32.95 N,117.77 W
1936,5,16.584,13_SanDiego,USA,32.95 N,117.77 W
1936,6,17.785,13_SanDiego,USA,32.95 N,117.77 W
1936,7,20.548,13_SanDiego,USA,32.95 N,117.77 W
1936,8,20.804,13_SanDiego,USA,32.95 N,117.77 W
1936,9,20.026,13_SanDiego,USA,32.95 N,117.77 W
1936,10,18.402,13_SanDiego,USA,32.95 N,117.77 W
1936,11,17.674,13_SanDiego,USA,32.95 N,117.77 W
1936,12,14.405,13_SanDiego,USA,32.95 N,117.77 W
1937,1,9.104,13_SanDiego,USA,32.95 N,117.77 W
1937,2,12.098,13_SanDiego,USA,32.95 N,117.77 W
1937,3,13.087,13_SanDiego,USA,32.95 N,117.77 W
1937,4,14.309,13_SanDiego,USA,32.95 N,117.77 W
1937,5,15.985,13_SanDiego,USA,32.95 N,117.77 W
1937,6,17.228,13_SanDiego,USA,32.95 N,117.77 W
1937,7,19.47,13_SanDiego,USA,32.95 N,117.77 W
1937,8,20.181,13_SanDiego,USA,32.95 N,117.77 W
1937,9,21.007,13_SanDiego,USA,32.95 N,117.77 W
1937,10,18.783,13_SanDiego,USA,32.95 N,117.77 W
1937,11,16.289,13_SanDiego,USA,32.95 N,117.77 W
1937,12,16.107,13_SanDiego,USA,32.95 N,117.77 W
1938,1,15.263,13_SanDiego,USA,32.95 N,117.77 W
1938,2,13.16,13_SanDiego,USA,32.95 N,117.77 W
1938,3,13.021,13_SanDiego,USA,32.95 N,117.77 W
1938,4,14.609,13_SanDiego,USA,32.95 N,117.77 W
1938,5,15.536,13_SanDiego,USA,32.95 N,117.77 W
1938,6,16.527,13_SanDiego,USA,32.95 N,117.77 W
1938,7,18.526,13_SanDiego,USA,32.95 N,117.77 W
1938,8,20.356,13_SanDiego,USA,32.95 N,117.77 W
1938,9,21.239,13_SanDiego,USA,32.95 N,117.77 W
1938,10,17.488,13_SanDiego,USA,32.95 N,117.77 W
1938,11,15.388,13_SanDiego,USA,32.95 N,117.77 W
1938,12,15.882,13_SanDiego,USA,32.95 N,117.77 W
1939,1,13.138,13_SanDiego,USA,32.95 N,117.77 W
1939,2,10.54,13_SanDiego,USA,32.95 N,117.77 W
1939,3,12.417,13_SanDiego,USA,32.95 N,117.77 W
1939,4,15.548,13_SanDiego,USA,32.95 N,117.77 W
1939,5,15.7,13_SanDiego,USA,32.95 N,117.77 W
1939,6,16.874,13_SanDiego,USA,32.95 N,117.77 W
1939,7,19.05,13_SanDiego,USA,32.95 N,117.77 W
1939,8,20.565,13_SanDiego,USA,32.95 N,117.77 W
1939,9,21.843,13_SanDiego,USA,32.95 N,117.77 W
1939,10,19.201,13_SanDiego,USA,32.95 N,117.77 W
1939,11,17.826,13_SanDiego,USA,32.95 N,117.77 W
1939,12,16.743,13_SanDiego,USA,32.95 N,117.77 W
1940,1,14.994,13_SanDiego,USA,32.95 N,117.77 W
1940,2,14.077,13_SanDiego,USA,32.95 N,117.77 W
1940,3,15.239,13_SanDiego,USA,32.95 N,117.77 W
1940,4,15.738,13_SanDiego,USA,32.95 N,117.77 W
1940,5,17.451,13_SanDiego,USA,32.95 N,117.77 W
1940,6,17.241,13_SanDiego,USA,32.95 N,117.77 W
1940,7,18.78,13_SanDiego,USA,32.95 N,117.77 W
1940,8,19.544,13_SanDiego,USA,32.95 N,117.77 W
1940,9,19.461,13_SanDiego,USA,32.95 N,117.77 W
1940,10,18.841,13_SanDiego,USA,32.95 N,117.77 W
1940,11,16.234,13_SanDiego,USA,32.95 N,117.77 W
1940,12,16.122,13_SanDiego,USA,32.95 N,117.77 W
1941,1,14.092,13_SanDiego,USA,32.95 N,117.77 W
1941,2,14.679,13_SanDiego,USA,32.95 N,117.77 W
1941,3,14.934,13_SanDiego,USA,32.95 N,117.77 W
1941,4,13.795,13_SanDiego,USA,32.95 N,117.77 W
1941,5,17.574,13_SanDiego,USA,32.95 N,117.77 W
1941,6,16.621,13_SanDiego,USA,32.95 N,117.77 W
1941,7,19.01,13_SanDiego,USA,32.95 N,117.77 W
1941,8,19.416,13_SanDiego,USA,32.95 N,117.77 W
1941,9,18.34,13_SanDiego,USA,32.95 N,117.77 W
1941,10,17.51,13_SanDiego,USA,32.95 N,117.77 W
1941,11,17.302,13_SanDiego,USA,32.95 N,117.77 W
1941,12,13.927,13_SanDiego,USA,32.95 N,117.77 W
1942,1,14.114,13_SanDiego,USA,32.95 N,117.77 W
1942,2,12.217,13_SanDiego,USA,32.95 N,117.77 W
1942,3,13.157,13_SanDiego,USA,32.95 N,117.77 W
1942,4,13.825,13_SanDiego,USA,32.95 N,117.77 W
1942,5,15.282,13_SanDiego,USA,32.95 N,117.77 W
1942,6,16.492,13_SanDiego,USA,32.95 N,117.77 W
1942,7,19.415,13_SanDiego,USA,32.95 N,117.77 W
1942,8,19.553,13_SanDiego,USA,32.95 N,117.77 W
1942,9,18.873,13_SanDiego,USA,32.95 N,117.77 W
1942,10,18.354,13_SanDiego,USA,32.95 N,117.77 W
1942,11,16.651,13_SanDiego,USA,32.95 N,117.77 W
1942,12,14.619,13_SanDiego,USA,32.95 N,117.77 W
1943,1,14.042,13_SanDiego,USA,32.95 N,117.77 W
1943,2,14.686,13_SanDiego,USA,32.95 N,117.77 W
1943,3,14.212,13_SanDiego,USA,32.95 N,117.77 W
1943,4,14.902,13_SanDiego,USA,32.95 N,117.77 W
1943,5,16.654,13_SanDiego,USA,32.95 N,117.77 W
1943,6,16.207,13_SanDiego,USA,32.95 N,117.77 W
1943,7,18.673,13_SanDiego,USA,32.95 N,117.77 W
1943,8,19.869,13_SanDiego,USA,32.95 N,117.77 W
1943,9,20.508,13_SanDiego,USA,32.95 N,117.77 W
1943,10,18.638,13_SanDiego,USA,32.95 N,117.77 W
1943,11,17.079,13_SanDiego,USA,32.95 N,117.77 W
1943,12,14.344,13_SanDiego,USA,32.95 N,117.77 W
1944,1,13.545,13_SanDiego,USA,32.95 N,117.77 W
1944,2,11.804,13_SanDiego,USA,32.95 N,117.77 W
1944,3,13.602,13_SanDiego,USA,32.95 N,117.77 W
1944,4,13.072,13_SanDiego,USA,32.95 N,117.77 W
1944,5,15.256,13_SanDiego,USA,32.95 N,117.77 W
1944,6,15.062,13_SanDiego,USA,32.95 N,117.77 W
1944,7,16.877,13_SanDiego,USA,32.95 N,117.77 W
1944,8,19.554,13_SanDiego,USA,32.95 N,117.77 W
1944,9,19.293,13_SanDiego,USA,32.95 N,117.77 W
1944,10,17.976,13_SanDiego,USA,32.95 N,117.77 W
1944,11,15.182,13_SanDiego,USA,32.95 N,117.77 W
1944,12,14.884,13_SanDiego,USA,32.95 N,117.77 W
1945,1,13.065,13_SanDiego,USA,32.95 N,117.77 W
1945,2,13.108,13_SanDiego,USA,32.95 N,117.77 W
1945,3,11.697,13_SanDiego,USA,32.95 N,117.77 W
1945,4,13.487,13_SanDiego,USA,32.95 N,117.77 W
1945,5,14.774,13_SanDiego,USA,32.95 N,117.77 W
1945,6,16.042,13_SanDiego,USA,32.95 N,117.77 W
1945,7,18.814,13_SanDiego,USA,32.95 N,117.77 W
1945,8,20.321,13_SanDiego,USA,32.95 N,117.77 W
1945,9,20.924,13_SanDiego,USA,32.95 N,117.77 W
1945,10,19.012,13_SanDiego,USA,32.95 N,117.77 W
1945,11,15.977,13_SanDiego,USA,32.95 N,117.77 W
1945,12,14.437,13_SanDiego,USA,32.95 N,117.77 W
1946,1,13.805,13_SanDiego,USA,32.95 N,117.77 W
1946,2,11.989,13_SanDiego,USA,32.95 N,117.77 W
1946,3,13.187,13_SanDiego,USA,32.95 N,117.77 W
1946,4,15.231,13_SanDiego,USA,32.95 N,117.77 W
1946,5,15.049,13_SanDiego,USA,32.95 N,117.77 W
1946,6,17.572,13_SanDiego,USA,32.95 N,117.77 W
1946,7,18.955,13_SanDiego,USA,32.95 N,117.77 W
1946,8,20.154,13_SanDiego,USA,32.95 N,117.77 W
1946,9,20.862,13_SanDiego,USA,32.95 N,117.77 W
1946,10,16.837,13_SanDiego,USA,32.95 N,117.77 W
1946,11,14.577,13_SanDiego,USA,32.95 N,117.77 W
1946,12,14.276,13_SanDiego,USA,32.95 N,117.77 W
1947,1,12.533,13_SanDiego,USA,32.95 N,117.77 W
1947,2,14.548,13_SanDiego,USA,32.95 N,117.77 W
1947,3,14.519,13_SanDiego,USA,32.95 N,117.77 W
1947,4,15.487,13_SanDiego,USA,32.95 N,117.77 W
1947,5,16.474,13_SanDiego,USA,32.95 N,117.77 W
1947,6,16.952,13_SanDiego,USA,32.95 N,117.77 W
1947,7,19.318,13_SanDiego,USA,32.95 N,117.77 W
1947,8,19.589,13_SanDiego,USA,32.95 N,117.77 W
1947,9,20.996,13_SanDiego,USA,32.95 N,117.77 W
1947,10,18.365,13_SanDiego,USA,32.95 N,117.77 W
1947,11,14.754,13_SanDiego,USA,32.95 N,117.77 W
1947,12,13.637,13_SanDiego,USA,32.95 N,117.77 W
1948,1,14.306,13_SanDiego,USA,32.95 N,117.77 W
1948,2,11.762,13_SanDiego,USA,32.95 N,117.77 W
1948,3,11.612,13_SanDiego,USA,32.95 N,117.77 W
1948,4,14.377,13_SanDiego,USA,32.95 N,117.77 W
1948,5,15.075,13_SanDiego,USA,32.95 N,117.77 W
1948,6,15.912,13_SanDiego,USA,32.95 N,117.77 W
1948,7,17.845,13_SanDiego,USA,32.95 N,117.77 W
1948,8,18.729,13_SanDiego,USA,32.95 N,117.77 W
1948,9,20.193,13_SanDiego,USA,32.95 N,117.77 W
1948,10,17.962,13_SanDiego,USA,32.95 N,117.77 W
1948,11,16.093,13_SanDiego,USA,32.95 N,117.77 W
1948,12,12.255,13_SanDiego,USA,32.95 N,117.77 W
1949,1,9.208,13_SanDiego,USA,32.95 N,117.77 W
1949,2,10.703,13_SanDiego,USA,32.95 N,117.77 W
1949,3,11.833,13_SanDiego,USA,32.95 N,117.77 W
1949,4,15.365,13_SanDiego,USA,32.95 N,117.77 W
1949,5,15.551,13_SanDiego,USA,32.95 N,117.77 W
1949,6,17.721,13_SanDiego,USA,32.95 N,117.77 W
1949,7,18.47,13_SanDiego,USA,32.95 N,117.77 W
1949,8,19.626,13_SanDiego,USA,32.95 N,117.77 W
1949,9,20.89,13_SanDiego,USA,32.95 N,117.77 W
1949,10,17.331,13_SanDiego,USA,32.95 N,117.77 W
1949,11,19.027,13_SanDiego,USA,32.95 N,117.77 W
1949,12,13.338,13_SanDiego,USA,32.95 N,117.77 W
1950,1,10.968,13_SanDiego,USA,32.95 N,117.77 W
1950,2,13.398,13_SanDiego,USA,32.95 N,117.77 W
1950,3,13.581,13_SanDiego,USA,32.95 N,117.77 W
1950,4,15.119,13_SanDiego,USA,32.95 N,117.77 W
1950,5,14.289,13_SanDiego,USA,32.95 N,117.77 W
1950,6,16.059,13_SanDiego,USA,32.95 N,117.77 W
1950,7,19.292,13_SanDiego,USA,32.95 N,117.77 W
1950,8,19.193,13_SanDiego,USA,32.95 N,117.77 W
1950,9,18.901,13_SanDiego,USA,32.95 N,117.77 W
1950,10,19.678,13_SanDiego,USA,32.95 N,117.77 W
1950,11,18.068,13_SanDiego,USA,32.95 N,117.77 W
1950,12,16.652,13_SanDiego,USA,32.95 N,117.77 W
1951,1,13.125,13_SanDiego,USA,32.95 N,117.77 W
1951,2,12.683,13_SanDiego,USA,32.95 N,117.77 W
1951,3,13.745,13_SanDiego,USA,32.95 N,117.77 W
1951,4,14.196,13_SanDiego,USA,32.95 N,117.77 W
1951,5,15.191,13_SanDiego,USA,32.95 N,117.77 W
1951,6,16.327,13_SanDiego,USA,32.95 N,117.77 W
1951,7,19.189,13_SanDiego,USA,32.95 N,117.77 W
1951,8,19.144,13_SanDiego,USA,32.95 N,117.77 W
1951,9,20.281,13_SanDiego,USA,32.95 N,117.77 W
1951,10,18.964,13_SanDiego,USA,32.95 N,117.77 W
1951,11,16.329,13_SanDiego,USA,32.95 N,117.77 W
1951,12,12.996,13_SanDiego,USA,32.95 N,117.77 W
1952,1,11.806,13_SanDiego,USA,32.95 N,117.77 W
1952,2,13.251,13_SanDiego,USA,32.95 N,117.77 W
1952,3,11.419,13_SanDiego,USA,32.95 N,117.77 W
1952,4,14.024,13_SanDiego,USA,32.95 N,117.77 W
1952,5,16.751,13_SanDiego,USA,32.95 N,117.77 W
1952,6,15.154,13_SanDiego,USA,32.95 N,117.77 W
1952,7,18.863,13_SanDiego,USA,32.95 N,117.77 W
1952,8,20.281,13_SanDiego,USA,32.95 N,117.77 W
1952,9,21.348,13_SanDiego,USA,32.95 N,117.77 W
1952,10,19.075,13_SanDiego,USA,32.95 N,117.77 W
1952,11,14.81,13_SanDiego,USA,32.95 N,117.77 W
1952,12,13.387,13_SanDiego,USA,32.95 N,117.77 W
1953,1,15.554,13_SanDiego,USA,32.95 N,117.77 W
1953,2,13.464,13_SanDiego,USA,32.95 N,117.77 W
1953,3,13.043,13_SanDiego,USA,32.95 N,117.77 W
1953,4,12.923,13_SanDiego,USA,32.95 N,117.77 W
1953,5,14.394,13_SanDiego,USA,32.95 N,117.77 W
1953,6,15.802,13_SanDiego,USA,32.95 N,117.77 W
1953,7,19.86,13_SanDiego,USA,32.95 N,117.77 W
1953,8,19.007,13_SanDiego,USA,32.95 N,117.77 W
1953,9,19.619,13_SanDiego,USA,32.95 N,117.77 W
1953,10,18.953,13_SanDiego,USA,32.95 N,117.77 W
1953,11,17.389,13_SanDiego,USA,32.95 N,117.77 W
1953,12,14.798,13_SanDiego,USA,32.95 N,117.77 W
1954,1,12.891,13_SanDiego,USA,32.95 N,117.77 W
1954,2,16.028,13_SanDiego,USA,32.95 N,117.77 W
1954,3,12.503,13_SanDiego,USA,32.95 N,117.77 W
1954,4,14.552,13_SanDiego,USA,32.95 N,117.77 W
1954,5,15.653,13_SanDiego,USA,32.95 N,117.77 W
1954,6,16.442,13_SanDiego,USA,32.95 N,117.77 W
1954,7,20.639,13_SanDiego,USA,32.95 N,117.77 W
1954,8,19.143,13_SanDiego,USA,32.95 N,117.77 W
1954,9,19.856,13_SanDiego,USA,32.95 N,117.77 W
1954,10,17.691,13_SanDiego,USA,32.95 N,117.77 W
1954,11,17.736,13_SanDiego,USA,32.95 N,117.77 W
1954,12,14.461,13_SanDiego,USA,32.95 N,117.77 W
1955,1,11.789,13_SanDiego,USA,32.95 N,117.77 W
1955,2,12.407,13_SanDiego,USA,32.95 N,117.77 W
1955,3,14.115,13_SanDiego,USA,32.95 N,117.77 W
1955,4,13.499,13_SanDiego,USA,32.95 N,117.77 W
1955,5,14.7,13_SanDiego,USA,32.95 N,117.77 W
1955,6,16.17,13_SanDiego,USA,32.95 N,117.77 W
1955,7,17.744,13_SanDiego,USA,32.95 N,117.77 W
1955,8,20.797,13_SanDiego,USA,32.95 N,117.77 W
1955,9,21.145,13_SanDiego,USA,32.95 N,117.77 W
1955,10,17.29,13_SanDiego,USA,32.95 N,117.77 W
1955,11,15.762,13_SanDiego,USA,32.95 N,117.77 W
1955,12,13.923,13_SanDiego,USA,32.95 N,117.77 W
1956,1,13.32,13_SanDiego,USA,32.95 N,117.77 W
1956,2,11.0,13_SanDiego,USA,32.95 N,117.77 W
1956,3,13.493,13_SanDiego,USA,32.95 N,117.77 W
1956,4,13.065,13_SanDiego,USA,32.95 N,117.77 W
1956,5,15.766,13_SanDiego,USA,32.95 N,117.77 W
1956,6,17.211,13_SanDiego,USA,32.95 N,117.77 W
1956,7,18.48,13_SanDiego,USA,32.95 N,117.77 W
1956,8,18.637,13_SanDiego,USA,32.95 N,117.77 W
1956,9,21.515,13_SanDiego,USA,32.95 N,117.77 W
1956,10,17.535,13_SanDiego,USA,32.95 N,117.77 W
1956,11,18.179,13_SanDiego,USA,32.95 N,117.77 W
1956,12,15.625,13_SanDiego,USA,32.95 N,117.77 W
1957,1,12.765,13_SanDiego,USA,32.95 N,117.77 W
1957,2,14.874,13_SanDiego,USA,32.95 N,117.77 W
1957,3,13.846,13_SanDiego,USA,32.95 N,117.77 W
1957,4,13.93,13_SanDiego,USA,32.95 N,117.77 W
1957,5,14.84,13_SanDiego,USA,32.95 N,117.77 W
1957,6,18.664,13_SanDiego,USA,32.95 N,117.77 W
1957,7,19.845,13_SanDiego,USA,32.95 N,117.77 W
1957,8,20.566,13_SanDiego,USA,32.95 N,117.77 W
1957,9,19.766,13_SanDiego,USA,32.95 N,117.77 W
1957,10,17.534,13_SanDiego,USA,32.95 N,117.77 W
1957,11,15.216,13_SanDiego,USA,32.95 N,117.77 W
1957,12,15.853,13_SanDiego,USA,32.95 N,117.77 W
1958,1,14.609,13_SanDiego,USA,32.95 N,117.77 W
1958,2,14.587,13_SanDiego,USA,32.95 N,117.77 W
1958,3,12.406,13_SanDiego,USA,32.95 N,117.77 W
1958,4,15.312,13_SanDiego,USA,32.95 N,117.77 W
1958,5,16.712,13_SanDiego,USA,32.95 N,117.77 W
1958,6,17.327,13_SanDiego,USA,32.95 N,117.77 W
1958,7,18.43,13_SanDiego,USA,32.95 N,117.77 W
1958,8,20.893,13_SanDiego,USA,32.95 N,117.77 W
1958,9,21.481,13_SanDiego,USA,32.95 N,117.77 W
1958,10,21.067,13_SanDiego,USA,32.95 N,117.77 W
1958,11,16.524,13_SanDiego,USA,32.95 N,117.77 W
1958,12,16.513,13_SanDiego,USA,32.95 N,117.77 W
1959,1,15.141,13_SanDiego,USA,32.95 N,117.77 W
1959,2,12.804,13_SanDiego,USA,32.95 N,117.77 W
1959,3,16.009,13_SanDiego,USA,32.95 N,117.77 W
1959,4,16.595,13_SanDiego,USA,32.95 N,117.77 W
1959,5,15.551,13_SanDiego,USA,32.95 N,117.77 W
1959,6,18.102,13_SanDiego,USA,32.95 N,117.77 W
1959,7,21.189,13_SanDiego,USA,32.95 N,117.77 W
1959,8,20.597,13_SanDiego,USA,32.95 N,117.77 W
1959,9,20.27,13_SanDiego,USA,32.95 N,117.77 W
1959,10,19.192,13_SanDiego,USA,32.95 N,117.77 W
1959,11,18.328,13_SanDiego,USA,32.95 N,117.77 W
1959,12,15.615,13_SanDiego,USA,32.95 N,117.77 W
1960,1,12.116,13_SanDiego,USA,32.95 N,117.77 W
1960,2,12.853,13_SanDiego,USA,32.95 N,117.77 W
1960,3,14.656,13_SanDiego,USA,32.95 N,117.77 W
1960,4,15.534,13_SanDiego,USA,32.95 N,117.77 W
1960,5,16.432,13_SanDiego,USA,32.95 N,117.77 W
1960,6,18.008,13_SanDiego,USA,32.95 N,117.77 W
1960,7,20.282,13_SanDiego,USA,32.95 N,117.77 W
1960,8,19.77,13_SanDiego,USA,32.95 N,117.77 W
1960,9,21.483,13_SanDiego,USA,32.95 N,117.77 W
1960,10,18.272,13_SanDiego,USA,32.95 N,117.77 W
1960,11,15.418,13_SanDiego,USA,32.95 N,117.77 W
1960,12,13.919,13_SanDiego,USA,32.95 N,117.77 W
1961,1,15.501,13_SanDiego,USA,32.95 N,117.77 W
1961,2,14.631,13_SanDiego,USA,32.95 N,117.77 W
1961,3,13.592,13_SanDiego,USA,32.95 N,117.77 W
1961,4,15.075,13_SanDiego,USA,32.95 N,117.77 W
1961,5,14.735,13_SanDiego,USA,32.95 N,117.77 W
1961,6,17.512,13_SanDiego,USA,32.95 N,117.77 W
1961,7,19.604,13_SanDiego,USA,32.95 N,117.77 W
1961,8,20.372,13_SanDiego,USA,32.95 N,117.77 W
1961,9,19.098,13_SanDiego,USA,32.95 N,117.77 W
1961,10,18.285,13_SanDiego,USA,32.95 N,117.77 W
1961,11,15.228,13_SanDiego,USA,32.95 N,117.77 W
1961,12,13.201,13_SanDiego,USA,32.95 N,117.77 W
1962,1,13.563,13_SanDiego,USA,32.95 N,117.77 W
1962,2,11.93,13_SanDiego,USA,32.95 N,117.77 W
1962,3,11.385,13_SanDiego,USA,32.95 N,117.77 W
1962,4,15.536,13_SanDiego,USA,32.95 N,117.77 W
1962,5,14.591,13_SanDiego,USA,32.95 N,117.77 W
1962,6,16.064,13_SanDiego,USA,32.95 N,117.77 W
1962,7,17.905,13_SanDiego,USA,32.95 N,117.77 W
1962,8,19.952,13_SanDiego,USA,32.95 N,117.77 W
1962,9,19.455,13_SanDiego,USA,32.95 N,117.77 W
1962,10,17.62,13_SanDiego,USA,32.95 N,117.77 W
1962,11,15.842,13_SanDiego,USA,32.95 N,117.77 W
1962,12,14.022,13_SanDiego,USA,32.95 N,117.77 W
1963,1,12.254,13_SanDiego,USA,32.95 N,117.77 W
1963,2,16.082,13_SanDiego,USA,32.95 N,117.77 W
1963,3,12.735,13_SanDiego,USA,32.95 N,117.77 W
1963,4,12.715,13_SanDiego,USA,32.95 N,117.77 W
1963,5,15.522,13_SanDiego,USA,32.95 N,117.77 W
1963,6,16.027,13_SanDiego,USA,32.95 N,117.77 W
1963,7,18.302,13_SanDiego,USA,32.95 N,117.77 W
1963,8,19.837,13_SanDiego,USA,32.95 N,117.77 W
1963,9,21.953,13_SanDiego,USA,32.95 N,117.77 W
1963,10,19.089,13_SanDiego,USA,32.95 N,117.77 W
1963,11,16.153,13_SanDiego,USA,32.95 N,117.77 W
1963,12,14.868,13_SanDiego,USA,32.95 N,117.77 W
1964,1,12.568,13_SanDiego,USA,32.95 N,117.77 W
1964,2,12.99,13_SanDiego,USA,32.95 N,117.77 W
1964,3,12.542,13_SanDiego,USA,32.95 N,117.77 W
1964,4,13.448,13_SanDiego,USA,32.95 N,117.77 W
1964,5,14.159,13_SanDiego,USA,32.95 N,117.77 W
1964,6,15.951,13_SanDiego,USA,32.95 N,117.77 W
1964,7,19.106,13_SanDiego,USA,32.95 N,117.77 W
1964,8,19.719,13_SanDiego,USA,32.95 N,117.77 W
1964,9,18.869,13_SanDiego,USA,32.95 N,117.77 W
1964,10,20.089,13_SanDiego,USA,32.95 N,117.77 W
1964,11,14.782,13_SanDiego,USA,32.95 N,117.77 W
1964,12,13.594,13_SanDiego,USA,32.95 N,117.77 W
1965,1,13.671,13_SanDiego,USA,32.95 N,117.77 W
1965,2,12.76,13_SanDiego,USA,32.95 N,117.77 W
1965,3,13.027,13_SanDiego,USA,32.95 N,117.77 W
1965,4,14.17,13_SanDiego,USA,32.95 N,117.77 W
1965,5,14.958,13_SanDiego,USA,32.95 N,117.77 W
1965,6,14.933,13_SanDiego,USA,32.95 N,117.77 W
1965,7,17.81,13_SanDiego,USA,32.95 N,117.77 W
1965,8,20.637,13_SanDiego,USA,32.95 N,117.77 W
1965,9,18.25,13_SanDiego,USA,32.95 N,117.77 W
1965,10,20.342,13_SanDiego,USA,32.95 N,117.77 W
1965,11,16.205,13_SanDiego,USA,32.95 N,117.77 W
1965,12,13.339,13_SanDiego,USA,32.95 N,117.77 W
1966,1,12.104,13_SanDiego,USA,32.95 N,117.77 W
1966,2,11.832,13_SanDiego,USA,32.95 N,117.77 W
1966,3,13.804,13_SanDiego,USA,32.95 N,117.77 W
1966,4,15.421,13_SanDiego,USA,32.95 N,117.77 W
1966,5,16.068,13_SanDiego,USA,32.95 N,117.77 W
1966,6,17.577,13_SanDiego,USA,32.95 N,117.77 W
1966,7,19.121,13_SanDiego,USA,32.95 N,117.77 W
1966,8,20.814,13_SanDiego,USA,32.95 N,117.77 W
1966,9,19.823,13_SanDiego,USA,32.95 N,117.77 W
1966,10,18.912,13_SanDiego,USA,32.95 N,117.77 W
1966,11,16.333,13_SanDiego,USA,32.95 N,117.77 W
1966,12,14.108,13_SanDiego,USA,32.95 N,117.77 W
1967,1,13.366,13_SanDiego,USA,32.95 N,117.77 W
1967,2,14.225,13_SanDiego,USA,32.95 N,117.77 W
1967,3,13.558,13_SanDiego,USA,32.95 N,117.77 W
1967,4,11.025,13_SanDiego,USA,32.95 N,117.77 W
1967,5,15.539,13_SanDiego,USA,32.95 N,117.77 W
1967,6,15.251,13_SanDiego,USA,32.95 N,117.77 W
1967,7,19.722,13_SanDiego,USA,32.95 N,117.77 W
1967,8,21.857,13_SanDiego,USA,32.95 N,117.77 W
1967,9,20.954,13_SanDiego,USA,32.95 N,117.77 W
1967,10,19.972,13_SanDiego,USA,32.95 N,117.77 W
1967,11,17.819,13_SanDiego,USA,32.95 N,117.77 W
1967,12,12.549,13_SanDiego,USA,32.95 N,117.77 W
1968,1,13.202,13_SanDiego,USA,32.95 N,117.77 W
1968,2,15.218,13_SanDiego,USA,32.95 N,117.77 W
1968,3,14.456,13_SanDiego,USA,32.95 N,117.77 W
1968,4,14.647,13_SanDiego,USA,32.95 N,117.77 W
1968,5,15.742,13_SanDiego,USA,32.95 N,117.77 W
1968,6,17.072,13_SanDiego,USA,32.95 N,117.77 W
1968,7,19.569,13_SanDiego,USA,32.95 N,117.77 W
1968,8,19.337,13_SanDiego,USA,32.95 N,117.77 W
1968,9,19.955,13_SanDiego,USA,32.95 N,117.77 W
1968,10,18.046,13_SanDiego,USA,32.95 N,117.77 W
1968,11,16.272,13_SanDiego,USA,32.95 N,117.77 W
1968,12,12.388,13_SanDiego,USA,32.95 N,117.77 W
1969,1,14.069,13_SanDiego,USA,32.95 N,117.77 W
1969,2,11.804,13_SanDiego,USA,32.95 N,117.77 W
1969,3,12.688,13_SanDiego,USA,32.95 N,117.77 W
1969,4,14.628,13_SanDiego,USA,32.95 N,117.77 W
1969,5,15.941,13_SanDiego,USA,32.95 N,117.77 W
1969,6,16.344,13_SanDiego,USA,32.95 N,117.77 W
1969,7,19.17,13_SanDiego,USA,32.95 N,117.77 W
1969,8,21.08,13_SanDiego,USA,32.95 N,117.77 W
1969,9,20.13,13_SanDiego,USA,32.95 N,117.77 W
1969,10,17.177,13_SanDiego,USA,32.95 N,117.77 W
1969,11,17.525,13_SanDiego,USA,32.95 N,117.77 W
1969,12,14.377,13_SanDiego,USA,32.95 N,117.77 W
1970,1,13.741,13_SanDiego,USA,32.95 N,117.77 W
1970,2,14.879,13_SanDiego,USA,32.95 N,117.77 W
1970,3,14.188,13_SanDiego,USA,32.95 N,117.77 W
1970,4,13.522,13_SanDiego,USA,32.95 N,117.77 W
1970,5,16.287,13_SanDiego,USA,32.95 N,117.77 W
1970,6,17.428,13_SanDiego,USA,32.95 N,117.77 W
1970,7,20.158,13_SanDiego,USA,32.95 N,117.77 W
1970,8,20.783,13_SanDiego,USA,32.95 N,117.77 W
1970,9,19.651,13_SanDiego,USA,32.95 N,117.77 W
1970,10,17.728,13_SanDiego,USA,32.95 N,117.77 W
1970,11,16.007,13_SanDiego,USA,32.95 N,117.77 W
1970,12,12.721,13_SanDiego,USA,32.95 N,117.77 W
1971,1,12.974,13_SanDiego,USA,32.95 N,117.77 W
1971,2,12.859,13_SanDiego,USA,32.95 N,117.77 W
1971,3,13.415,13_SanDiego,USA,32.95 N,117.77 W
1971,4,13.422,13_SanDiego,USA,32.95 N,117.77 W
1971,5,14.031,13_SanDiego,USA,32.95 N,117.77 W
1971,6,16.299,13_SanDiego,USA,32.95 N,117.77 W
1971,7,19.285,13_SanDiego,USA,32.95 N,117.77 W
1971,8,21.817,13_SanDiego,USA,32.95 N,117.77 W
1971,9,20.641,13_SanDiego,USA,32.95 N,117.77 W
1971,10,17.059,13_SanDiego,USA,32.95 N,117.77 W
1971,11,14.417,13_SanDiego,USA,32.95 N,117.77 W
1971,12,11.277,13_SanDiego,USA,32.95 N,117.77 W
1972,1,11.86,13_SanDiego,USA,32.95 N,117.77 W
1972,2,13.326,13_SanDiego,USA,32.95 N,117.77 W
1972,3,14.871,13_SanDiego,USA,32.95 N,117.77 W
1972,4,14.487,13_SanDiego,USA,32.95 N,117.77 W
1972,5,16.052,13_SanDiego,USA,32.95 N,117.77 W
1972,6,17.788,13_SanDiego,USA,32.95 N,117.77 W
1972,7,20.406,13_SanDiego,USA,32.95 N,117.77 W
1972,8,20.764,13_SanDiego,USA,32.95 N,117.77 W
1972,9,19.224,13_SanDiego,USA,32.95 N,117.77 W
1972,10,17.584,13_SanDiego,USA,32.95 N,117.77 W
1972,11,14.986,13_SanDiego,USA,32.95 N,117.77 W
1972,12,13.107,13_SanDiego,USA,32.95 N,117.77 W
1973,1,12.121,13_SanDiego,USA,32.95 N,117.77 W
1973,2,13.445,13_SanDiego,USA,32.95 N,117.77 W
1973,3,11.704,13_SanDiego,USA,32.95 N,117.77 W
1973,4,13.604,13_SanDiego,USA,32.95 N,117.77 W
1973,5,15.538,13_SanDiego,USA,32.95 N,117.77 W
1973,6,18.007,13_SanDiego,USA,32.95 N,117.77 W
1973,7,18.181,13_SanDiego,USA,32.95 N,117.77 W
1973,8,19.155,13_SanDiego,USA,32.95 N,117.77 W
1973,9,18.38,13_SanDiego,USA,32.95 N,117.77 W
1973,10,17.83,13_SanDiego,USA,32.95 N,117.77 W
1973,11,14.449,13_SanDiego,USA,32.95 N,117.77 W
1973,12,13.823,13_SanDiego,USA,32.95 N,117.77 W
1974,1,12.389,13_SanDiego,USA,32.95 N,117.77 W
1974,2,12.98,13_SanDiego,USA,32.95 N,117.77 W
1974,3,13.111,13_SanDiego,USA,32.95 N,117.77 W
1974,4,14.24,13_SanDiego,USA,32.95 N,117.77 W
1974,5,15.264,13_SanDiego,USA,32.95 N,117.77 W
1974,6,17.873,13_SanDiego,USA,32.95 N,117.77 W
1974,7,19.693,13_SanDiego,USA,32.95 N,117.77 W
1974,8,19.098,13_SanDiego,USA,32.95 N,117.77 W
1974,9,20.281,13_SanDiego,USA,32.95 N,117.77 W
1974,10,17.852,13_SanDiego,USA,32.95 N,117.77 W
1974,11,16.149,13_SanDiego,USA,32.95 N,117.77 W
1974,12,13.02,13_SanDiego,USA,32.95 N,117.77 W
1975,1,13.341,13_SanDiego,USA,32.95 N,117.77 W
1975,2,12.059,13_SanDiego,USA,32.95 N,117.77 W
1975,3,12.147,13_SanDiego,USA,32.95 N,117.77 W
1975,4,11.747,13_SanDiego,USA,32.95 N,117.77 W
1975,5,14.345,13_SanDiego,USA,32.95 N,117.77 W
1975,6,15.694,13_SanDiego,USA,32.95 N,117.77 W
1975,7,18.248,13_SanDiego,USA,32.95 N,117.77 W
1975,8,18.47,13_SanDiego,USA,32.95 N,117.77 W
1975,9,20.18,13_SanDiego,USA,32.95 N,117.77 W
1975,10,17.181,13_SanDiego,USA,32.95 N,117.77 W
1975,11,15.417,13_SanDiego,USA,32.95 N,117.77 W
1975,12,13.465,13_SanDiego,USA,32.95 N,117.77 W
1976,1,14.554,13_SanDiego,USA,32.95 N,117.77 W
1976,2,13.562,13_SanDiego,USA,32.95 N,117.77 W
1976,3,13.374,13_SanDiego,USA,32.95 N,117.77 W
1976,4,13.029,13_SanDiego,USA,32.95 N,117.77 W
1976,5,15.884,13_SanDiego,USA,32.95 N,117.77 W
1976,6,18.311,13_SanDiego,USA,32.95 N,117.77 W
1976,7,19.064,13_SanDiego,USA,32.95 N,117.77 W
1976,8,19.071,13_SanDiego,USA,32.95 N,117.77 W
1976,9,20.009,13_SanDiego,USA,32.95 N,117.77 W
1976,10,19.296,13_SanDiego,USA,32.95 N,117.77 W
1976,11,18.23,13_SanDiego,USA,32.95 N,117.77 W
1976,12,14.847,13_SanDiego,USA,32.95 N,117.77 W
1977,1,13.791,13_SanDiego,USA,32.95 N,117.77 W
1977,2,14.793,13_SanDiego,USA,32.95 N,117.77 W
1977,3,11.873,13_SanDiego,USA,32.95 N,117.77 W
1977,4,14.362,13_SanDiego,USA,32.95 N,117.77 W
1977,5,13.891,13_SanDiego,USA,32.95 N,117.77 W
1977,6,16.979,13_SanDiego,USA,32.95 N,117.77 W
1977,7,19.177,13_SanDiego,USA,32.95 N,117.77 W
1977,8,20.325,13_SanDiego,USA,32.95 N,117.77 W
1977,9,19.627,13_SanDiego,USA,32.95 N,117.77 W
1977,10,18.737,13_SanDiego,USA,32.95 N,117.77 W
1977,11,17.261,13_SanDiego,USA,32.95 N,117.77 W
1977,12,15.938,13_SanDiego,USA,32.95 N,117.77 W
1978,1,14.125,13_SanDiego,USA,32.95 N,117.77 W
1978,2,13.637,13_SanDiego,USA,32.95 N,117.77 W
1978,3,15.315,13_SanDiego,USA,32.95 N,117.77 W
1978,4,13.853,13_SanDiego,USA,32.95 N,117.77 W
1978,5,16.928,13_SanDiego,USA,32.95 N,117.77 W
1978,6,18.645,13_SanDiego,USA,32.95 N,117.77 W
1978,7,19.099,13_SanDiego,USA,32.95 N,117.77 W
1978,8,19.367,13_SanDiego,USA,32.95 N,117.77 W
1978,9,20.646,13_SanDiego,USA,32.95 N,117.77 W
1978,10,19.591,13_SanDiego,USA,32.95 N,117.77 W
1978,11,14.764,13_SanDiego,USA,32.95 N,117.77 W
1978,12,12.056,13_SanDiego,USA,32.95 N,117.77 W
1979,1,12.05,13_SanDiego,USA,32.95 N,117.77 W
1979,2,11.886,13_SanDiego,USA,32.95 N,117.77 W
1979,3,12.994,13_SanDiego,USA,32.95 N,117.77 W
1979,4,14.317,13_SanDiego,USA,32.95 N,117.77 W
1979,5,15.953,13_SanDiego,USA,32.95 N,117.77 W
1979,6,18.549,13_SanDiego,USA,32.95 N,117.77 W
1979,7,18.849,13_SanDiego,USA,32.95 N,117.77 W
1979,8,19.631,13_SanDiego,USA,32.95 N,117.77 W
1979,9,22.366,13_SanDiego,USA,32.95 N,117.77 W
1979,10,18.386,13_SanDiego,USA,32.95 N,117.77 W
1979,11,15.649,13_SanDiego,USA,32.95 N,117.77 W
1979,12,15.52,13_SanDiego,USA,32.95 N,117.77 W
1980,1,14.94,13_SanDiego,USA,32.95 N,117.77 W
1980,2,15.551,13_SanDiego,USA,32.95 N,117.77 W
1980,3,13.585,13_SanDiego,USA,32.95 N,117.77 W
1980,4,14.923,13_SanDiego,USA,32.95 N,117.77 W
1980,5,14.28,13_SanDiego,USA,32.95 N,117.77 W
1980,6,16.987,13_SanDiego,USA,32.95 N,117.77 W
1980,7,19.908,13_SanDiego,USA,32.95 N,117.77 W
1980,8,20.281,13_SanDiego,USA,32.95 N,117.77 W
1980,9,19.146,13_SanDiego,USA,32.95 N,117.77 W
1980,10,18.654,13_SanDiego,USA,32.95 N,117.77 W
1980,11,16.519,13_SanDiego,USA,32.95 N,117.77 W
1980,12,15.59,13_SanDiego,USA,32.95 N,117.77 W
1981,1,14.817,13_SanDiego,USA,32.95 N,117.77 W
1981,2,15.108,13_SanDiego,USA,32.95 N,117.77 W
1981,3,13.451,13_SanDiego,USA,32.95 N,117.77 W
1981,4,15.146,13_SanDiego,USA,32.95 N,117.77 W
1981,5,16.447,13_SanDiego,USA,32.95 N,117.77 W
1981,6,20.205,13_SanDiego,USA,32.95 N,117.77 W
1981,7,20.303,13_SanDiego,USA,32.95 N,117.77 W
1981,8,20.864,13_SanDiego,USA,32.95 N,117.77 W
1981,9,20.146,13_SanDiego,USA,32.95 N,117.77 W
1981,10,17.229,13_SanDiego,USA,32.95 N,117.77 W
1981,11,16.596,13_SanDiego,USA,32.95 N,117.77 W
1981,12,14.863,13_SanDiego,USA,32.95 N,117.77 W
1982,1,12.599,13_SanDiego,USA,32.95 N,117.77 W
1982,2,14.288,13_SanDiego,USA,32.95 N,117.77 W
1982,3,13.191,13_SanDiego,USA,32.95 N,117.77 W
1982,4,14.376,13_SanDiego,USA,32.95 N,117.77 W
1982,5,15.377,13_SanDiego,USA,32.95 N,117.77 W
1982,6,15.267,13_SanDiego,USA,32.95 N,117.77 W
1982,7,18.457,13_SanDiego,USA,32.95 N,117.77 W
1982,8,19.99,13_SanDiego,USA,32.95 N,117.77 W
1982,9,20.235,13_SanDiego,USA,32.95 N,117.77 W
1982,10,18.896,13_SanDiego,USA,32.95 N,117.77 W
1982,11,15.584,13_SanDiego,USA,32.95 N,117.77 W
1982,12,13.398,13_SanDiego,USA,32.95 N,117.77 W
1983,1,14.884,13_SanDiego,USA,32.95 N,117.77 W
1983,2,14.176,13_SanDiego,USA,32.95 N,117.77 W
1983,3,13.939,13_SanDiego,USA,32.95 N,117.77 W
1983,4,13.316,13_SanDiego,USA,32.95 N,117.77 W
1983,5,15.823,13_SanDiego,USA,32.95 N,117.77 W
1983,6,16.556,13_SanDiego,USA,32.95 N,117.77 W
1983,7,18.895,13_SanDiego,USA,32.95 N,117.77 W
1983,8,21.689,13_SanDiego,USA,32.95 N,117.77 W
1983,9,22.024,13_SanDiego,USA,32.95 N,117.77 W
1983,10,20.009,13_SanDiego,USA,32.95 N,117.77 W
1983,11,16.239,13_SanDiego,USA,32.95 N,117.77 W
1983,12,14.311,13_SanDiego,USA,32.95 N,117.77 W
1984,1,14.97,13_SanDiego,USA,32.95 N,117.77 W
1984,2,13.956,13_SanDiego,USA,32.95 N,117.77 W
1984,3,15.133,13_SanDiego,USA,32.95 N,117.77 W
1984,4,14.935,13_SanDiego,USA,32.95 N,117.77 W
1984,5,17.548,13_SanDiego,USA,32.95 N,117.77 W
1984,6,17.531,13_SanDiego,USA,32.95 N,117.77 W
1984,7,20.959,13_SanDiego,USA,32.95 N,117.77 W
1984,8,21.18,13_SanDiego,USA,32.95 N,117.77 W
1984,9,23.364,13_SanDiego,USA,32.95 N,117.77 W
1984,10,17.737,13_SanDiego,USA,32.95 N,117.77 W
1984,11,14.731,13_SanDiego,USA,32.95 N,117.77 W
1984,12,12.696,13_SanDiego,USA,32.95 N,117.77 W
1985,1,12.74,13_SanDiego,USA,32.95 N,117.77 W
1985,2,12.828,13_SanDiego,USA,32.95 N,117.77 W
1985,3,12.266,13_SanDiego,USA,32.95 N,117.77 W
1985,4,15.359,13_SanDiego,USA,32.95 N,117.77 W
1985,5,15.376,13_SanDiego,USA,32.95 N,117.77 W
1985,6,17.827,13_SanDiego,USA,32.95 N,117.77 W
1985,7,20.826,13_SanDiego,USA,32.95 N,117.77 W
1985,8,20.029,13_SanDiego,USA,32.95 N,117.77 W
1985,9,19.059,13_SanDiego,USA,32.95 N,117.77 W
1985,10,18.847,13_SanDiego,USA,32.95 N,117.77 W
1985,11,14.816,13_SanDiego,USA,32.95 N,117.77 W
1985,12,14.549,13_SanDiego,USA,32.95 N,117.77 W
1986,1,16.142,13_SanDiego,USA,32.95 N,117.77 W
1986,2,14.356,13_SanDiego,USA,32.95 N,117.77 W
1986,3,14.852,13_SanDiego,USA,32.95 N,117.77 W
1986,4,15.134,13_SanDiego,USA,32.95 N,117.77 W
1986,5,16.134,13_SanDiego,USA,32.95 N,117.77 W
1986,6,17.778,13_SanDiego,USA,32.95 N,117.77 W
1986,7,18.697,13_SanDiego,USA,32.95 N,117.77 W
1986,8,20.4,13_SanDiego,USA,32.95 N,117.77 W
1986,9,17.498,13_SanDiego,USA,32.95 N,117.77 W
1986,10,17.838,13_SanDiego,USA,32.95 N,117.77 W
1986,11,17.45,13_SanDiego,USA,32.95 N,117.77 W
1986,12,14.701,13_SanDiego,USA,32.95 N,117.77 W
1987,1,13.016,13_SanDiego,USA,32.95 N,117.77 W
1987,2,13.835,13_SanDiego,USA,32.95 N,117.77 W
1987,3,13.768,13_SanDiego,USA,32.95 N,117.77 W
1987,4,16.399,13_SanDiego,USA,32.95 N,117.77 W
1987,5,16.67,13_SanDiego,USA,32.95 N,117.77 W
1987,6,17.37,13_SanDiego,USA,32.95 N,117.77 W
1987,7,17.335,13_SanDiego,USA,32.95 N,117.77 W
1987,8,19.103,13_SanDiego,USA,32.95 N,117.77 W
1987,9,20.193,13_SanDiego,USA,32.95 N,117.77 W
1987,10,20.084,13_SanDiego,USA,32.95 N,117.77 W
1987,11,16.435,13_SanDiego,USA,32.95 N,117.77 W
1987,12,12.2,13_SanDiego,USA,32.95 N,117.77 W
1988,1,13.748,13_SanDiego,USA,32.95 N,117.77 W
1988,2,15.234,13_SanDiego,USA,32.95 N,117.77 W
1988,3,15.715,13_SanDiego,USA,32.95 N,117.77 W
1988,4,15.348,13_SanDiego,USA,32.95 N,117.77 W
1988,5,16.315,13_SanDiego,USA,32.95 N,117.77 W
1988,6,16.492,13_SanDiego,USA,32.95 N,117.77 W
1988,7,19.579,13_SanDiego,USA,32.95 N,117.77 W
1988,8,19.589,13_SanDiego,USA,32.95 N,117.77 W
1988,9,19.539,13_SanDiego,USA,32.95 N,117.77 W
1988,10,18.987,13_SanDiego,USA,32.95 N,117.77 W
1988,11,15.732,13_SanDiego,USA,32.95 N,117.77 W
1988,12,13.612,13_SanDiego,USA,32.95 N,117.77 W
1989,1,12.611,13_SanDiego,USA,32.95 N,117.77 W
1989,2,12.731,13_SanDiego,USA,32.95 N,117.77 W
1989,3,14.793,13_SanDiego,USA,32.95 N,117.77 W
1989,4,17.255,13_SanDiego,USA,32.95 N,117.77 W
1989,5,15.946,13_SanDiego,USA,32.95 N,117.77 W
1989,6,17.178,13_SanDiego,USA,32.95 N,117.77 W
1989,7,19.543,13_SanDiego,USA,32.95 N,117.77 W
1989,8,19.171,13_SanDiego,USA,32.95 N,117.77 W
1989,9,20.034,13_SanDiego,USA,32.95 N,117.77 W
1989,10,18.268,13_SanDiego,USA,32.95 N,117.77 W
1989,11,17.784,13_SanDiego,USA,32.95 N,117.77 W
1989,12,15.323,13_SanDiego,USA,32.95 N,117.77 W
1990,1,13.86,13_SanDiego,USA,32.95 N,117.77 W
1990,2,12.225,13_SanDiego,USA,32.95 N,117.77 W
1990,3,14.042,13_SanDiego,USA,32.95 N,117.77 W
1990,4,15.699,13_SanDiego,USA,32.95 N,117.77 W
1990,5,16.04,13_SanDiego,USA,32.95 N,117.77 W
1990,6,18.902,13_SanDiego,USA,32.95 N,117.77 W
1990,7,20.721,13_SanDiego,USA,32.95 N,117.77 W
1990,8,19.932,13_SanDiego,USA,32.95 N,117.77 W
1990,9,20.96,13_SanDiego,USA,32.95 N,117.77 W
1990,10,20.16,13_SanDiego,USA,32.95 N,117.77 W
1990,11,17.157,13_SanDiego,USA,32.95 N,117.77 W
1990,12,13.22,13_SanDiego,USA,32.95 N,117.77 W
1991,1,14.099,13_SanDiego,USA,32.95 N,117.77 W
1991,2,15.486,13_SanDiego,USA,32.95 N,117.77 W
1991,3,12.275,13_SanDiego,USA,32.95 N,117.77 W
1991,4,14.619,13_SanDiego,USA,32.95 N,117.77 W
1991,5,14.87,13_SanDiego,USA,32.95 N,117.77 W
1991,6,15.768,13_SanDiego,USA,32.95 N,117.77 W
1991,7,17.842,13_SanDiego,USA,32.95 N,117.77 W
1991,8,19.266,13_SanDiego,USA,32.95 N,117.77 W
1991,9,20.079,13_SanDiego,USA,32.95 N,117.77 W
1991,10,19.929,13_SanDiego,USA,32.95 N,117.77 W
1991,11,17.383,13_SanDiego,USA,32.95 N,117.77 W
1991,12,14.406,13_SanDiego,USA,32.95 N,117.77 W
1992,1,14.434,13_SanDiego,USA,32.95 N,117.77 W
1992,2,15.517,13_SanDiego,USA,32.95 N,117.77 W
1992,3,14.279,13_SanDiego,USA,32.95 N,117.77 W
1992,4,17.383,13_SanDiego,USA,32.95 N,117.77 W
1992,5,17.773,13_SanDiego,USA,32.95 N,117.77 W
1992,6,17.519,13_SanDiego,USA,32.95 N,117.77 W
1992,7,19.942,13_SanDiego,USA,32.95 N,117.77 W
1992,8,21.808,13_SanDiego,USA,32.95 N,117.77 W
1992,9,21.274,13_SanDiego,USA,32.95 N,117.77 W
1992,10,19.425,13_SanDiego,USA,32.95 N,117.77 W
1992,11,17.379,13_SanDiego,USA,32.95 N,117.77 W
1992,12,13.193,13_SanDiego,USA,32.95 N,117.77 W
1993,1,13.841,13_SanDiego,USA,32.95 N,117.77 W
1993,2,13.591,13_SanDiego,USA,32.95 N,117.77 W
1993,3,15.549,13_SanDiego,USA,32.95 N,117.77 W
1993,4,16.17,13_SanDiego,USA,32.95 N,117.77 W
1993,5,17.335,13_SanDiego,USA,32.95 N,117.77 W
1993,6,18.388,13_SanDiego,USA,32.95 N,117.77 W
1993,7,18.417,13_SanDiego,USA,32.95 N,117.77 W
1993,8,19.572,13_SanDiego,USA,32.95 N,117.77 W
1993,9,20.101,13_SanDiego,USA,32.95 N,117.77 W
1993,10,19.191,13_SanDiego,USA,32.95 N,117.77 W
1993,11,16.883,13_SanDiego,USA,32.95 N,117.77 W
1993,12,14.501,13_SanDiego,USA,32.95 N,117.77 W
1994,1,15.018,13_SanDiego,USA,32.95 N,117.77 W
1994,2,13.194,13_SanDiego,USA,32.95 N,117.77 W
1994,3,14.918,13_SanDiego,USA,32.95 N,117.77 W
1994,4,14.664,13_SanDiego,USA,32.95 N,117.77 W
1994,5,14.888,13_SanDiego,USA,32.95 N,117.77 W
1994,6,18.511,13_SanDiego,USA,32.95 N,117.77 W
1994,7,18.621,13_SanDiego,USA,32.95 N,117.77 W
1994,8,21.648,13_SanDiego,USA,32.95 N,117.77 W
1994,9,20.913,13_SanDiego,USA,32.95 N,117.77 W
1994,10,18.369,13_SanDiego,USA,32.95 N,117.77 W
1994,11,14.036,13_SanDiego,USA,32.95 N,117.77 W
1994,12,13.663,13_SanDiego,USA,32.95 N,117.77 W
1995,1,13.657,13_SanDiego,USA,32.95 N,117.77 W
1995,2,16.246,13_SanDiego,USA,32.95 N,117.77 W
1995,3,14.677,13_SanDiego,USA,32.95 N,117.77 W
1995,4,14.527,13_SanDiego,USA,32.95 N,117.77 W
1995,5,14.54,13_SanDiego,USA,32.95 N,117.77 W
1995,6,16.495,13_SanDiego,USA,32.95 N,117.77 W
1995,7,19.251,13_SanDiego,USA,32.95 N,117.77 W
1995,8,21.186,13_SanDiego,USA,32.95 N,117.77 W
1995,9,21.356,13_SanDiego,USA,32.95 N,117.77 W
1995,10,19.23,13_SanDiego,USA,32.95 N,117.77 W
1995,11,18.014,13_SanDiego,USA,32.95 N,117.77 W
1995,12,14.89,13_SanDiego,USA,32.95 N,117.77 W
1996,1,14.592,13_SanDiego,USA,32.95 N,117.77 W
1996,2,14.627,13_SanDiego,USA,32.95 N,117.77 W
1996,3,14.537,13_SanDiego,USA,32.95 N,117.77 W
1996,4,16.675,13_SanDiego,USA,32.95 N,117.77 W
1996,5,17.39,13_SanDiego,USA,32.95 N,117.77 W
1996,6,18.192,13_SanDiego,USA,32.95 N,117.77 W
1996,7,20.212,13_SanDiego,USA,32.95 N,117.77 W
1996,8,21.244,13_SanDiego,USA,32.95 N,117.77 W
1996,9,20.254,13_SanDiego,USA,32.95 N,117.77 W
1996,10,17.75,13_SanDiego,USA,32.95 N,117.77 W
1996,11,16.978,13_SanDiego,USA,32.95 N,117.77 W
1996,12,15.003,13_SanDiego,USA,32.95 N,117.77 W
1997,1,14.135,13_SanDiego,USA,32.95 N,117.77 W
1997,2,13.649,13_SanDiego,USA,32.95 N,117.77 W
1997,3,16.026,13_SanDiego,USA,32.95 N,117.77 W
1997,4,15.33,13_SanDiego,USA,32.95 N,117.77 W
1997,5,19.263,13_SanDiego,USA,32.95 N,117.77 W
1997,6,17.637,13_SanDiego,USA,32.95 N,117.77 W
1997,7,18.677,13_SanDiego,USA,32.95 N,117.77 W
1997,8,21.332,13_SanDiego,USA,32.95 N,117.77 W
1997,9,22.813,13_SanDiego,USA,32.95 N,117.77 W
1997,10,19.392,13_SanDiego,USA,32.95 N,117.77 W
1997,11,17.548,13_SanDiego,USA,32.95 N,117.77 W
1997,12,14.312,13_SanDiego,USA,32.95 N,117.77 W
1998,1,14.157,13_SanDiego,USA,32.95 N,117.77 W
1998,2,12.634,13_SanDiego,USA,32.95 N,117.77 W
1998,3,13.858,13_SanDiego,USA,32.95 N,117.77 W
1998,4,13.462,13_SanDiego,USA,32.95 N,117.77 W
1998,5,14.482,13_SanDiego,USA,32.95 N,117.77 W
1998,6,16.174,13_SanDiego,USA,32.95 N,117.77 W
1998,7,19.806,13_SanDiego,USA,32.95 N,117.77 W
1998,8,22.228,13_SanDiego,USA,32.95 N,117.77 W
1998,9,19.902,13_SanDiego,USA,32.95 N,117.77 W
1998,10,18.081,13_SanDiego,USA,32.95 N,117.77 W
1998,11,15.637,13_SanDiego,USA,32.95 N,117.77 W
1998,12,13.703,13_SanDiego,USA,32.95 N,117.77 W
1999,1,14.486,13_SanDiego,USA,32.95 N,117.77 W
1999,2,13.204,13_SanDiego,USA,32.95 N,117.77 W
1999,3,12.261,13_SanDiego,USA,32.95 N,117.77 W
1999,4,12.779,13_SanDiego,USA,32.95 N,117.77 W
1999,5,14.895,13_SanDiego,USA,32.95 N,117.77 W
1999,6,16.208,13_SanDiego,USA,32.95 N,117.77 W
1999,7,18.996,13_SanDiego,USA,32.95 N,117.77 W
1999,8,19.432,13_SanDiego,USA,32.95 N,117.77 W
1999,9,19.284,13_SanDiego,USA,32.95 N,117.77 W
1999,10,20.677,13_SanDiego,USA,32.95 N,117.77 W
1999,11,16.941,13_SanDiego,USA,32.95 N,117.77 W
1999,12,15.546,13_SanDiego,USA,32.95 N,117.77 W
2000,1,15.16,13_SanDiego,USA,32.95 N,117.77 W
2000,2,14.184,13_SanDiego,USA,32.95 N,117.77 W
2000,3,13.73,13_SanDiego,USA,32.95 N,117.77 W
2000,4,15.78,13_SanDiego,USA,32.95 N,117.77 W
2000,5,17.402,13_SanDiego,USA,32.95 N,117.77 W
2000,6,18.904,13_SanDiego,USA,32.95 N,117.77 W
2000,7,19.187,13_SanDiego,USA,32.95 N,117.77 W
2000,8,21.355,13_SanDiego,USA,32.95 N,117.77 W
2000,9,20.648,13_SanDiego,USA,32.95 N,117.77 W
2000,10,17.174,13_SanDiego,USA,32.95 N,117.77 W
2000,11,14.539,13_SanDiego,USA,32.95 N,117.77 W
2000,12,15.831,13_SanDiego,USA,32.95 N,117.77 W
2001,1,12.64,13_SanDiego,USA,32.95 N,117.77 W
2001,2,12.185,13_SanDiego,USA,32.95 N,117.77 W
2001,3,14.071,13_SanDiego,USA,32.95 N,117.77 W
2001,4,13.288,13_SanDiego,USA,32.95 N,117.77 W
2001,5,17.395,13_SanDiego,USA,32.95 N,117.77 W
2001,6,18.939,13_SanDiego,USA,32.95 N,117.77 W
2001,7,18.863,13_SanDiego,USA,32.95 N,117.77 W
2001,8,20.482,13_SanDiego,USA,32.95 N,117.77 W
2001,9,20.42,13_SanDiego,USA,32.95 N,117.77 W
2001,10,19.095,13_SanDiego,USA,32.95 N,117.77 W
2001,11,16.376,13_SanDiego,USA,32.95 N,117.77 W
2001,12,13.128,13_SanDiego,USA,32.95 N,117.77 W
2002,1,13.414,13_SanDiego,USA,32.95 N,117.77 W
2002,2,14.874,13_SanDiego,USA,32.95 N,117.77 W
2002,3,13.278,13_SanDiego,USA,32.95 N,117.77 W
2002,4,14.14,13_SanDiego,USA,32.95 N,117.77 W
2002,5,15.418,13_SanDiego,USA,32.95 N,117.77 W
2002,6,17.54,13_SanDiego,USA,32.95 N,117.77 W
2002,7,19.414,13_SanDiego,USA,32.95 N,117.77 W
2002,8,19.506,13_SanDiego,USA,32.95 N,117.77 W
2002,9,21.173,13_SanDiego,USA,32.95 N,117.77 W
2002,10,16.832,13_SanDiego,USA,32.95 N,117.77 W
2002,11,18.021,13_SanDiego,USA,32.95 N,117.77 W
2002,12,13.531,13_SanDiego,USA,32.95 N,117.77 W
2003,1,17.332,13_SanDiego,USA,32.95 N,117.77 W
2003,2,13.932,13_SanDiego,USA,32.95 N,117.77 W
2003,3,14.628,13_SanDiego,USA,32.95 N,117.77 W
2003,4,13.31,13_SanDiego,USA,32.95 N,117.77 W
2003,5,15.837,13_SanDiego,USA,32.95 N,117.77 W
2003,6,16.833,13_SanDiego,USA,32.95 N,117.77 W
2003,7,21.037,13_SanDiego,USA,32.95 N,117.77 W
2003,8,21.98,13_SanDiego,USA,32.95 N,117.77 W
2003,9,21.052,13_SanDiego,USA,32.95 N,117.77 W
2003,10,20.835,13_SanDiego,USA,32.95 N,117.77 W
2003,11,15.39,13_SanDiego,USA,32.95 N,117.77 W
2003,12,13.816,13_SanDiego,USA,32.95 N,117.77 W
2004,1,13.808,13_SanDiego,USA,32.95 N,117.77 W
2004,2,12.608,13_SanDiego,USA,32.95 N,117.77 W
2004,3,16.581,13_SanDiego,USA,32.95 N,117.77 W
2004,4,15.912,13_SanDiego,USA,32.95 N,117.77 W
2004,5,18.166,13_SanDiego,USA,32.95 N,117.77 W
2004,6,17.565,13_SanDiego,USA,32.95 N,117.77 W
2004,7,20.051,13_SanDiego,USA,32.95 N,117.77 W
2004,8,19.923,13_SanDiego,USA,32.95 N,117.77 W
2004,9,21.584,13_SanDiego,USA,32.95 N,117.77 W
2004,10,17.404,13_SanDiego,USA,32.95 N,117.77 W
2004,11,14.625,13_SanDiego,USA,32.95 N,117.77 W
2004,12,14.324,13_SanDiego,USA,32.95 N,117.77 W
2005,1,14.194,13_SanDiego,USA,32.95 N,117.77 W
2005,2,13.752,13_SanDiego,USA,32.95 N,117.77 W
2005,3,14.4,13_SanDiego,USA,32.95 N,117.77 W
2005,4,14.745,13_SanDiego,USA,32.95 N,117.77 W
2005,5,17.118,13_SanDiego,USA,32.95 N,117.77 W
2005,6,17.16,13_SanDiego,USA,32.95 N,117.77 W
2005,7,20.434,13_SanDiego,USA,32.95 N,117.77 W
2005,8,20.836,13_SanDiego,USA,32.95 N,117.77 W
2005,9,19.418,13_SanDiego,USA,32.95 N,117.77 W
2005,10,18.213,13_SanDiego,USA,32.95 N,117.77 W
2005,11,17.698,13_SanDiego,USA,32.95 N,117.77 W
2005,12,15.117,13_SanDiego,USA,32.95 N,117.77 W
2006,1,14.398,13_SanDiego,USA,32.95 N,117.77 W
2006,2,14.765,13_SanDiego,USA,32.95 N,117.77 W
2006,3,11.775,13_SanDiego,USA,32.95 N,117.77 W
2006,4,13.973,13_SanDiego,USA,32.95 N,117.77 W
2006,5,16.928,13_SanDiego,USA,32.95 N,117.77 W
2006,6,20.292,13_SanDiego,USA,32.95 N,117.77 W
2006,7,23.329,13_SanDiego,USA,32.95 N,117.77 W
2006,8,20.933,13_SanDiego,USA,32.95 N,117.77 W
2006,9,20.865,13_SanDiego,USA,32.95 N,117.77 W
2006,10,17.96,13_SanDiego,USA,32.95 N,117.77 W
2006,11,17.79,13_SanDiego,USA,32.95 N,117.77 W
2006,12,14.56,13_SanDiego,USA,32.95 N,117.77 W
2007,1,12.782,13_SanDiego,USA,32.95 N,117.77 W
2007,2,13.689,13_SanDiego,USA,32.95 N,117.77 W
2007,3,15.412,13_SanDiego,USA,32.95 N,117.77 W
2007,4,14.642,13_SanDiego,USA,32.95 N,117.77 W
2007,5,16.354,13_SanDiego,USA,32.95 N,117.77 W
2007,6,17.875,13_SanDiego,USA,32.95 N,117.77 W
2007,7,20.437,13_SanDiego,USA,32.95 N,117.77 W
2007,8,21.822,13_SanDiego,USA,32.95 N,117.77 W
2007,9,20.024,13_SanDiego,USA,32.95 N,117.77 W
2007,10,18.853,13_SanDiego,USA,32.95 N,117.77 W
2007,11,17.044,13_SanDiego,USA,32.95 N,117.77 W
2007,12,12.966,13_SanDiego,USA,32.95 N,117.77 W
2008,1,12.773,13_SanDiego,USA,32.95 N,117.77 W
2008,2,13.059,13_SanDiego,USA,32.95 N,117.77 W
2008,3,14.648,13_SanDiego,USA,32.95 N,117.77 W
2008,4,15.634,13_SanDiego,USA,32.95 N,117.77 W
2008,5,16.027,13_SanDiego,USA,32.95 N,117.77 W
2008,6,19.512,13_SanDiego,USA,32.95 N,117.77 W
2008,7,20.277,13_SanDiego,USA,32.95 N,117.77 W
2008,8,21.266,13_SanDiego,USA,32.95 N,117.77 W
2008,9,21.445,13_SanDiego,USA,32.95 N,117.77 W
2008,10,20.941,13_SanDiego,USA,32.95 N,117.77 W
2008,11,18.693,13_SanDiego,USA,32.95 N,117.77 W
2008,12,13.247,13_SanDiego,USA,32.95 N,117.77 W
2009,1,15.992,13_SanDiego,USA,32.95 N,117.77 W
2009,2,13.236,13_SanDiego,USA,32.95 N,117.77 W
2009,3,13.801,13_SanDiego,USA,32.95 N,117.77 W
2009,4,14.726,13_SanDiego,USA,32.95 N,117.77 W
2009,5,17.262,13_SanDiego,USA,32.95 N,117.77 W
2009,6,17.112,13_SanDiego,USA,32.95 N,117.77 W
2009,7,20.885,13_SanDiego,USA,32.95 N,117.77 W
2009,8,21.195,13_SanDiego,USA,32.95 N,117.77 W
2009,9,22.25,13_SanDiego,USA,32.95 N,117.77 W
2009,10,18.326,13_SanDiego,USA,32.95 N,117.77 W
2009,11,17.063,13_SanDiego,USA,32.95 N,117.77 W
2009,12,13.455,13_SanDiego,USA,32.95 N,117.77 W
2010,1,14.525,13_SanDiego,USA,32.95 N,117.77 W
2010,2,13.637,13_SanDiego,USA,32.95 N,117.77 W
2010,3,14.278,13_SanDiego,USA,32.95 N,117.77 W
2010,4,13.482,13_SanDiego,USA,32.95 N,117.77 W
2010,5,15.127,13_SanDiego,USA,32.95 N,117.77 W
2010,6,16.781,13_SanDiego,USA,32.95 N,117.77 W
2010,7,18.536,13_SanDiego,USA,32.95 N,117.77 W
2010,8,19.748,13_SanDiego,USA,32.95 N,117.77 W
2010,9,20.23,13_SanDiego,USA,32.95 N,117.77 W
2010,10,17.785,13_SanDiego,USA,32.95 N,117.77 W
2010,11,15.898,13_SanDiego,USA,32.95 N,117.77 W
2010,12,14.444,13_SanDiego,USA,32.95 N,117.77 W
2011,1,14.921,13_SanDiego,USA,32.95 N,117.77 W
2011,2,12.326,13_SanDiego,USA,32.95 N,117.77 W
2011,3,13.871,13_SanDiego,USA,32.95 N,117.77 W
2011,4,15.087,13_SanDiego,USA,32.95 N,117.77 W
2011,5,15.434,13_SanDiego,USA,32.95 N,117.77 W
2011,6,16.654,13_SanDiego,USA,32.95 N,117.77 W
2011,7,19.671,13_SanDiego,USA,32.95 N,117.77 W
2011,8,20.332,13_SanDiego,USA,32.95 N,117.77 W
2011,9,20.127,13_SanDiego,USA,32.95 N,117.77 W
2011,10,18.849,13_SanDiego,USA,32.95 N,117.77 W
2011,11,15.481,13_SanDiego,USA,32.95 N,117.77 W
2011,12,13.385,13_SanDiego,USA,32.95 N,117.77 W
2012,1,15.31,13_SanDiego,USA,32.95 N,117.77 W
2012,2,13.657,13_SanDiego,USA,32.95 N,117.77 W
2012,3,13.557,13_SanDiego,USA,32.95 N,117.77 W
2012,4,15.056,13_SanDiego,USA,32.95 N,117.77 W
2012,5,16.596,13_SanDiego,USA,32.95 N,117.77 W
2012,6,17.397,13_SanDiego,USA,32.95 N,117.77 W
2012,7,19.219,13_SanDiego,USA,32.95 N,117.77 W
2012,8,22.483,13_SanDiego,USA,32.95 N,117.77 W
2012,9,23.079,13_SanDiego,USA,32.95 N,117.77 W
2012,10,20.033,13_SanDiego,USA,32.95 N,117.77 W
2012,11,17.253,13_SanDiego,USA,32.95 N,117.77 W
2012,12,13.787,13_SanDiego,USA,32.95 N,117.77 W
2013,1,13.355,13_SanDiego,USA,32.95 N,117.77 W
2013,2,12.773,13_SanDiego,USA,32.95 N,117.77 W
2013,3,15.225,13_SanDiego,USA,32.95 N,117.77 W
2013,4,15.314,13_SanDiego,USA,32.95 N,117.77 W
2013,5,17.474,13_SanDiego,USA,32.95 N,117.77 W
2013,6,18.569,13_SanDiego,USA,32.95 N,117.77 W
2013,7,20.039,13_SanDiego,USA,32.95 N,117.77 W
2013,8,20.435,13_SanDiego,USA,32.95 N,117.77 W
2013,9,21.45,13_SanDiego,USA,32.95 N,117.77 W
2013,10,17.877,13_SanDiego,USA,32.95 N,117.77 W
2013,11,17.129,13_SanDiego,USA,32.95 N,117.77 W
2013,12,15.038,13_SanDiego,USA,32.95 N,117.77 W
2014,1,16.763,13_SanDiego,USA,32.95 N,117.77 W
2014,2,15.156,13_SanDiego,USA,32.95 N,117.77 W
2014,3,15.927,13_SanDiego,USA,32.95 N,117.77 W
2014,4,16.305,13_SanDiego,USA,32.95 N,117.77 W
2014,5,18.916,13_SanDiego,USA,32.95 N,117.77 W
2014,6,18.387,13_SanDiego,USA,32.95 N,117.77 W
2014,7,21.135,13_SanDiego,USA,32.95 N,117.77 W
2014,8,21.337,13_SanDiego,USA,32.95 N,117.77 W
2014,9,22.85,13_SanDiego,USA,32.95 N,117.77 W
2014,10,21.082,13_SanDiego,USA,32.95 N,117.77 W
2014,11,18.47,13_SanDiego,USA,32.95 N,117.77 W
2014,12,15.451,13_SanDiego,USA,32.95 N,117.77 W
2015,1,16.076,13_SanDiego,USA,32.95 N,117.77 W
2015,2,16.699,13_SanDiego,USA,32.95 N,117.77 W
2015,3,17.784,13_SanDiego,USA,32.95 N,117.77 W
2015,4,16.405,13_SanDiego,USA,32.95 N,117.77 W
2015,5,15.538,13_SanDiego,USA,32.95 N,117.77 W
2015,6,19.239,13_SanDiego,USA,32.95 N,117.77 W
2015,7,20.166,13_SanDiego,USA,32.95 N,117.77 W
2015,8,22.13,13_SanDiego,USA,32.95 N,117.77 W
2015,9,23.233,13_SanDiego,USA,32.95 N,117.77 W
2015,10,21.932,13_SanDiego,USA,32.95 N,117.77 W
2015,11,16.706,13_SanDiego,USA,32.95 N,117.77 W
2015,12,13.938,13_SanDiego,USA,32.95 N,117.77 W
2016,1,13.917,13_SanDiego,USA,32.95 N,117.77 W
2016,2,17.23,13_SanDiego,USA,32.95 N,117.77 W
2016,3,15.21,13_SanDiego,USA,32.95 N,117.77 W
2016,4,16.257,13_SanDiego,USA,32.95 N,117.77 W
2016,5,15.799,13_SanDiego,USA,32.95 N,117.77 W
2016,6,19.631,13_SanDiego,USA,32.95 N,117.77 W
2016,7,20.999,13_SanDiego,USA,32.95 N,117.77 W
2016,8,21.183,13_SanDiego,USA,32.95 N,117.77 W
2016,9,20.759,13_SanDiego,USA,32.95 N,117.77 W
2016,10,19.747,13_SanDiego,USA,32.95 N,117.77 W
2016,11,18.451,13_SanDiego,USA,32.95 N,117.77 W
2016,12,14.672,13_SanDiego,USA,32.95 N,117.77 W
2017,1,13.491,13_SanDiego,USA,32.95 N,117.77 W
2017,2,13.904,13_SanDiego,USA,32.95 N,117.77 W
2017,3,15.99,13_SanDiego,USA,32.95 N,117.77 W
2017,4,16.302,13_SanDiego,USA,32.95 N,117.77 W
2017,5,16.387,13_SanDiego,USA,32.95 N,117.77 W
2017,6,18.965,13_SanDiego,USA,32.95 N,117.77 W
2017,7,21.391,13_SanDiego,USA,32.95 N,117.77 W
2017,8,21.419,13_SanDiego,USA,32.95 N,117.77 W
2017,9,21.144,13_SanDiego,USA,32.95 N,117.77 W
2017,10,21.039,13_SanDiego,USA,32.95 N,117.77 W
2017,11,18.488,13_SanDiego,USA,32.95 N,117.77 W
2017,12,16.934,13_SanDiego,USA,32.95 N,117.77 W
2018,1,16.724,13_SanDiego,USA,32.95 N,117.77 W
2018,2,14.304,13_SanDiego,USA,32.95 N,117.77 W
2018,3,14.349,13_SanDiego,USA,32.95 N,117.77 W
2018,4,15.809,13_SanDiego,USA,32.95 N,117.77 W
2018,5,15.739,13_SanDiego,USA,32.95 N,117.77 W
2018,6,18.103,13_SanDiego,USA,32.95 N,117.77 W
2018,7,22.458,13_SanDiego,USA,32.95 N,117.77 W
2018,8,22.373,13_SanDiego,USA,32.95 N,117.77 W
2018,9,20.729,13_SanDiego,USA,32.95 N,117.77 W
2018,10,19.284,13_SanDiego,USA,32.95 N,117.77 W
2018,11,18.019,13_SanDiego,USA,32.95 N,117.77 W
2018,12,14.695,13_SanDiego,USA,32.95 N,117.77 W
2019,1,14.219,13_SanDiego,USA,32.95 N,117.77 W
2019,2,11.143,13_SanDiego,USA,32.95 N,117.77 W
2019,3,13.999,13_SanDiego,USA,32.95 N,117.77 W
2019,4,15.917,13_SanDiego,USA,32.95 N,117.77 W
2019,5,14.714,13_SanDiego,USA,32.95 N,117.77 W
2019,6,17.647,13_SanDiego,USA,32.95 N,117.77 W
2019,7,20.17,13_SanDiego,USA,32.95 N,117.77 W
2019,8,21.132,13_SanDiego,USA,32.95 N,117.77 W
2019,9,21.296,13_SanDiego,USA,32.95 N,117.77 W
2019,10,19.654,13_SanDiego,USA,32.95 N,117.77 W
2019,11,17.393,13_SanDiego,USA,32.95 N,117.77 W
2019,12,14.226,13_SanDiego,USA,32.95 N,117.77 W
2020,1,14.416,13_SanDiego,USA,32.95 N,117.77 W
2020,2,14.646,13_SanDiego,USA,32.95 N,117.77 W
2020,3,13.459,13_SanDiego,USA,32.95 N,117.77 W
2020,4,15.707,13_SanDiego,USA,32.95 N,117.77 W
2020,5,18.265,13_SanDiego,USA,32.95 N,117.77 W
2020,6,18.518,13_SanDiego,USA,32.95 N,117.77 W
2020,7,20.08,13_SanDiego,USA,32.95 N,117.77 W
2020,8,22.544,13_SanDiego,USA,32.95 N,117.77 W
2020,9,22.966,13_SanDiego,USA,32.95 N,117.77 W
2020,10,21.521,13_SanDiego,USA,32.95 N,117.77 W
2020,11,17.21,13_SanDiego,USA,32.95 N,117.77 W
2020,12,15.282,13_SanDiego,USA,32.95 N,117.77 W
